1,"Epic",EP,1977,3,13,21,18
2,"Satisfied Intelligence",LP,1980,13,37,5,6
3,"Clarity",DLP,1980,31,12,23,15
4,"R.I.G.H.T.",EP,2003,4,75,14,4
5,"Be To Dead",EP,1976,4,40,12,7
6,"V.E.N.O.M.",EP,1995,5,74,22,2
7,"To Thaum The Grave A",LP,1987,11,31,8,23
8,"Far From A Median Amazing Sweater",DLP,1988,21,29,7,27
9,"Main Picture Near Condemned Tree",EP,1974,3,32,14,27
10,"Fury Noise The A",DLP,1982,25,10,17,26
11,"iWcsPaiScEdEj",DLP,2002,16,111,9,28
12,"In The Day The Murder Wheat Girl",SP,1971,1,19,8,19
13,"Void Season A",DLP,1971,16,12,19,11
14,"Bang To Watch A",SP,2008,1,95,21,24
15,"Vote In Awaken Electricity For",EP,1995,3,80,19,23
16,"White Scotch",EP,2012,3,68,2,29
17,"Love To Tupe A Long Church Of",SP,2012,1,63,13,6
18,"To Fantom A Poor Median Near The",TLP,1978,35,47,8,12
19,"G.O.D.",LP,2001,14,12,8,14
20,"Yellow Question",TLP,2013,43,67,19,12
21,"Enjoy For The",DLP,1994,31,40,17,12
22,"CEMGREMFg",LP,2014,7,113,1,23
23,"Noise",SP,1981,1,31,8,4
24,"Climb On A Mad Poison",TLP,1978,48,35,3,15
25,"Awaken Grave A Moon Armoured Pie Into",SP,2000,1,103,25,5
26,"P.A.N.T.A.L.O.N.S.",SP,1979,1,74,15,2
27,"Of Ray Witch",TLP,2000,48,12,10,23
28,"A Ring The Brown",SP,1995,1,90,21,21
29,"Young Quality",EP,2005,2,17,23,28
30,"To Condemned Glass The Attractive Rest",SP,1989,1,69,7,24
31,"S.A.T.A.N.A.",LP,1981,7,62,11,9
32,"Plague",DLP,2010,15,45,18,24
33,"Patrol A Amazing Warrior And Red",LP,2019,11,98,22,10
34,"Hole To Blaze The Saint",TLP,1988,43,78,22,26
35,"Guy",EP,1990,6,50,12,3
36,"Firewalk",LP,2008,7,18,12,2
37,"In The Murder The Nuclear God To",SP,1984,1,76,23,12
38,"Be To Hollow",SP,2000,1,113,4,10
39,"Fight Around A",TLP,1984,47,72,2,3
40,"Enjoy To Die The Hollow",DLP,2004,17,97,19,23
41,"To Pig A Slow Tea And Busy",TLP,1993,36,78,5,2
42,"To Attractive Playboy The The",TLP,2003,46,55,16,21
43,"Nuclear Ocean The Plan Bloody Voice",TLP,1977,46,60,22,24
44,"A Fast Information Into Near Plague",LP,1970,10,49,15,30
45,"Yellow Blood The Man Bad",SP,1995,1,4,16,19
46,"Girl To Strong",LP,2018,9,107,1,6
47,"To Dead Beer A",TLP,1976,45,56,1,32
48,"The Fear A White Leader A Busy",SP,1990,1,88,11,12
49,"Stimulated Scroll A Faint Fence To",TLP,2013,41,105,14,16
50,"B.E.A.C.H.",LP,2014,12,91,13,6
51,"Justice To Immortalized Intelligence",EP,2007,4,91,11,5
52,"Near A Wild Plug",SP,2002,1,41,20,22
53,"G.U.Y.",DLP,1995,21,50,19,21
54,"A Loaded Scotch A Witchcult A",TLP,1991,36,102,24,27
55,"To Funeral Amazing Name Under A",SP,1978,1,34,6,22
56,"The Hard Fear And Pink",TLP,2003,44,3,5,7
57,"The Deep Firebringer A Hippster The The",SP,2004,1,71,9,7
58,"Season",LP,2019,10,23,21,19
59,"Faint Porn",LP,1988,7,31,18,32
60,"Over The Big Noise A Quad A",EP,2020,2,45,14,22
61,"The Dog The The",SP,1975,1,92,12,12
62,"UWhKHFQBvE",LP,1983,14,69,1,23
63,"Pull In The",EP,1979,5,62,8,12
64,"Of Hard Glass",SP,2018,1,41,22,15
65,"On Black Human In",EP,1987,6,13,9,31
66,"Wheel Around Shy Brain A",DLP,1993,32,97,18,9
67,"Dark Calculator",LP,2019,14,22,23,12
68,"KpXDrSDqMHNcs",DLP,2013,27,38,14,16
69,"Near Ray Beer",TLP,1972,42,95,24,8
70,"To Quality The The",DLP,1998,17,61,11,12
71,"Mad Glass",TLP,1995,35,64,4,12
72,"Money Of The Cosmos Little",TLP,1999,42,15,2,33
73,"Right Under Tall Prayer To",SP,2010,1,32,14,28
74,"Root Into A Black Picture The A",EP,1994,5,49,24,8
75,"Under The A",LP,1972,14,98,6,22
76,"Electricity In Ray",SP,2003,1,35,20,28
77,"To Fury Fake Of A Tasty",TLP,1981,49,17,15,10
78,"For The The",EP,1973,4,90,22,24
79,"Hell Of Small Lion A",DLP,1990,31,112,12,29
80,"A Bang The Fantom A Nail The",LP,1981,14,90,21,8
81,"Plague To Hair A",SP,2011,1,34,18,19
82,"F.O.R.T.R.E.S.S.",LP,2005,7,16,13,2
83,"E.A.R.",EP,1979,5,31,14,15
84,"The Condemned Union",EP,2003,2,24,7,30
85,"Alive In The Poor Root The Hollow",TLP,1989,46,74,6,18
86,"T.E.A.R.",EP,1974,2,14,22,26
87,"To Crown The Sunny Ear",EP,1972,5,42,17,15
88,"To Dumb Bill The",SP,2020,1,109,20,31
89,"Black Pit To Find Convicted Mister",DLP,2004,23,103,1,8
90,"A Ping Great Worm Around Lost",LP,2017,12,111,8,28
91,"P.I.T.",TLP,1983,44,46,4,14
92,"The Put The Wheat Tree In",DLP,1996,26,9,16,25
93,"Picture",LP,1973,13,5,1,33
94,"To Question Long Noise",TLP,1996,40,39,10,29
95,"A Head Long Name",TLP,1986,41,66,15,18
96,"Pray On Nuclear Nightmare To Fast",LP,2012,8,50,7,14
97,"The See Mad Head Into",EP,2009,2,29,15,21
98,"Heavy Star",EP,1978,2,15,2,7
99,"And Beautiful Information",TLP,1986,45,96,4,32
100,"Nasty Playboy",SP,2002,1,36,6,7
101,"Near Wheat Castle",SP,1992,1,71,22,16
102,"Leaf The Yellow Leader",EP,2011,5,113,22,18
103,"A Awaken Nightmare",LP,1981,8,98,21,17
104,"Pit",EP,2004,3,15,17,16
105,"Mad Satana To The",SP,2010,1,96,7,16
106,"To Hard Calculator Into Alone",TLP,1997,48,72,7,22
107,"H.U.M.A.N.",DLP,1982,25,81,25,19
108,"Around Confined Peace To Convicted Pie A",EP,1980,6,90,7,21
109,"To Far Poison And A Root A",DLP,2002,25,52,12,18
110,"Loaded Exhausted",SP,2007,1,53,24,27
111,"Electricity Over A Heaven The White",TLP,1974,48,98,16,17
112,"Light Papyrus To",SP,2012,1,51,18,15
113,"A Hippster Bold Fantom",TLP,1971,44,8,3,4
114,"Robot A The",DLP,2010,28,27,2,16
115,"Into The Pill Short Blaze The...",LP,1981,12,26,5,24
116,"Bad Bear",SP,1978,1,80,21,26
117,"Mister On Safe Funeral",SP,1970,1,24,16,33
118,"Slow Quality Over A Far Krim Of",DLP,1998,20,107,23,20
119,"Near Safe Lord A",LP,1991,14,1,12,5
120,"Light Blaze The A",EP,1971,3,53,19,30
121,"To Hill Hollow Lord",LP,2019,10,67,11,26
122,"A Push Safe",EP,1979,3,96,20,19
123,"Beer",SP,1971,1,2,21,11
124,"S.C.R.O.L.L.",LP,2004,12,65,21,11
125,"To Possessed Dope To A",EP,1992,4,88,23,25
126,"Young Hill",DLP,2004,23,82,9,24
127,"To Space The",TLP,2002,35,111,1,20
128,"Hippster",EP,2002,3,94,24,10
129,"Cosmos",EP,1983,6,91,21,13
130,"The Pray A Nasty Worm",EP,1989,6,33,11,30
131,"Spooky Bow Far From Satisfied Pie Under",TLP,1991,37,100,6,3
132,"Witchcult A Paranoic Pig The",LP,1991,7,33,3,21
133,"Calculator",DLP,1997,16,26,6,32
134,"Around Grey Pont Of Dark Laboratory Near",DLP,2018,23,15,15,31
135,"Ring Near A",LP,1987,11,32,24,5
136,"Amazing Annihilator",TLP,1996,44,99,24,15
137,"N.O.I.S.E.",TLP,1970,50,53,19,14
138,"Shit And A Lost Shadow",SP,2014,1,49,25,10
139,"Pantalons",SP,1981,1,11,11,9
140,"Around The Fear The Excellent",EP,2012,5,80,23,5
141,"The Fury Shy",SP,2001,1,99,2,11
142,"Cane Of The Pill Misfortune",EP,1991,2,59,20,21
143,"Man",DLP,2013,23,100,13,28
144,"The Luck Dead Playboy On Nuclear",DLP,2001,16,90,13,28
145,"For Hard Luck A Leaf The A",SP,1987,1,101,13,20
146,"Under White Beer On",SP,1977,1,96,10,19
147,"To Hard Man The Broken",DLP,1979,29,24,1,15
148,"Near Wasted Human",SP,1982,1,72,25,27
149,"Pain",EP,1976,6,91,6,26
150,"To Rude Trinagle Far From Short Laboratory",TLP,1998,48,97,21,10
151,"Deep School",DLP,2015,25,78,2,13
152,"Under Confined Wheel",SP,2008,1,27,12,16
153,"To Median The Dog The High",TLP,2005,35,69,7,30
154,"Big Latte",LP,1992,14,44,4,26
155,"Crown",TLP,1980,47,80,24,1
156,"Beast In Small Deer To A",EP,1979,6,39,11,20
157,"High Mind Into A The",DLP,2000,18,9,9,16
158,"H.O.L.E.",DLP,2017,32,100,7,23
159,"Luck",LP,2005,7,72,25,11
160,"Lose To Hollow Satana",DLP,2005,29,59,20,20
161,"Dope And Little",LP,2000,8,82,4,12
162,"Think To Coffee The A",DLP,1986,33,22,2,18
163,"Enjoy To Blood The",SP,2009,1,113,19,33
164,"Witch A Saint",EP,1988,3,62,13,12
165,"A Kill A Bloody Epic",DLP,1985,28,111,7,22
166,"Young Lamp Over Deep",EP,2010,5,82,23,20
167,"The Hang A Tasty Rock",DLP,1976,17,30,14,28
168,"Rule To Information Misfortune",TLP,1995,46,73,13,21
169,"Brown Light Over Paranoic Church",LP,2010,9,13,10,11
170,"King",TLP,1996,50,47,12,28
171,"Dark Glass And",DLP,1974,30,23,1,12
172,"Immortalized Church",DLP,1993,33,7,14,10
173,"Reason Under Alone",SP,2014,1,61,20,17
174,"Thaum",SP,2018,1,109,17,23
175,"Time A Mad",DLP,1984,24,9,18,15
176,"Of Nuclear Luck Over Pink Forest",LP,2004,10,75,21,28
177,"JgWWrNPm",DLP,1999,15,41,25,32
178,"High Thaum In Excellent Bear",LP,1996,10,100,21,29
179,"Attractive Storm Far From The Wild Tea A",TLP,1975,37,79,10,19
180,"The Silence A Brown Venom Near A",LP,2008,11,75,12,26
181,"To High Hill",SP,1974,1,48,12,23
182,"Bold Fear",EP,1973,2,85,3,23
183,"Tree",SP,1993,1,71,20,19
184,"Fear In A Beautiful Union A A",DLP,2008,16,86,22,9
185,"To Exhausted The",DLP,1991,20,96,7,15
186,"The Rock A Awaken Hair Near A",LP,2016,13,57,23,13
187,"Near Tea",EP,2014,5,41,15,13
188,"To Sunny World Under",SP,1974,1,14,15,8
189,"Void Union",LP,2003,10,58,20,2
190,"Immortalized Russia",EP,2005,2,102,7,20
191,"To Girl Deep Warrior Far From The",SP,1978,1,111,12,17
192,"Play Near A Long Path To A",TLP,1986,41,71,15,6
193,"S.P.I.C.E.",TLP,1976,38,32,24,12
194,"Monkey",DLP,1971,18,88,24,5
195,"Bold Blame A Fire The Green",SP,2011,1,40,1,11
196,"Of Amazing Park To Excellent",DLP,2015,23,37,3,27
197,"N.O.I.S.E.",TLP,1970,43,13,19,18
198,"To Grey Tongue",LP,1994,7,39,6,10
199,"Far From Wild Warrior To The",DLP,1971,33,3,25,4
200,"Coffee",TLP,1985,49,88,4,7
201,"Wheat Church",EP,1971,5,103,21,30
202,"Around Attractive Noise",EP,1989,5,99,17,33
203,"Latte",LP,1983,14,50,8,29
204,"A Pull A",TLP,1983,36,70,24,18
205,"Time",DLP,2001,25,66,20,19
206,"Stimulated Intro",LP,1985,11,9,21,7
207,"To Nail The The",EP,2002,3,30,1,25
208,"Convicted Lie To",LP,2001,10,89,12,1
209,"JKmVnNcEj",LP,1975,14,78,11,22
210,"Search To Rule Main Arrow A",SP,1977,1,101,21,22
211,"R.E.A.S.O.N.",EP,1992,2,72,23,18
212,"S.T.O.R.M.",DLP,2017,15,60,9,25
213,"Intelligence To Armoured Witchcult",DLP,2017,15,11,6,11
214,"Wasted Pain To",TLP,2003,36,101,16,31
215,"Poison",EP,2017,6,69,4,12
216,"Long Guy In Green Blaze Under",DLP,2005,15,33,13,19
217,"Near Bold Pie Around Immortalized Intelligence The",TLP,2000,40,39,23,16
218,"Lost Battle",LP,1999,7,94,16,26
219,"To Union The",DLP,2018,28,4,22,3
220,"The Paranoic Faith On",DLP,1978,19,44,3,26
221,"Foolish Hole A Tear Little Scotch...",LP,2001,14,83,16,20
222,"R.O.C.K.",SP,1992,1,22,5,8
223,"Blame",DLP,1971,18,60,17,20
224,"To Wheat Word The",EP,1971,3,90,7,27
225,"Near A Sweater A Wall The A",SP,1991,1,63,15,4
226,"To Body A Confined Girl",SP,1995,1,91,8,22
227,"Deep Guy On The Amazing Gum A",TLP,2007,36,43,3,13
228,"World",LP,1989,14,53,12,27
229,"Beer",LP,1995,13,17,16,32
230,"Poison A Small Choke A Brown Pie",TLP,1981,48,31,15,8
231,"Alone Money",DLP,2004,25,20,5,16
232,"Ship",EP,1997,3,52,2,31
233,"In A Safe",LP,2015,10,29,24,6
234,"Loaded Love",SP,2001,1,79,5,15
235,"Near Slow Intro For The Immortalized",LP,2016,9,47,22,13
236,"In The Beast The",LP,1971,9,29,17,30
237,"Blame",TLP,2015,40,26,5,24
238,"And The Young",DLP,1993,19,52,15,29
239,"Fence",TLP,1981,39,30,4,18
240,"Mad Star",TLP,2015,35,3,8,1
241,"The Mad Police The Alone",EP,2019,2,77,24,18
242,"Under A Big Pepper Under The",DLP,1995,21,72,17,7
243,"Brain Of A Pokemon The Foolish",TLP,1990,48,51,24,33
244,"Loaded One",DLP,1981,22,54,15,32
245,"Fall To Void Human To Bloody",SP,1993,1,81,23,31
246,"In Tall Faith Far From The Cane The",EP,2020,4,18,21,25
247,"To Heaven The Wild Quad To",TLP,1990,48,60,15,20
248,"Nightmare",DLP,1991,28,67,23,9
249,"The Park Young Exhausted On The",SP,1995,1,39,15,17
250,"Mind",LP,2000,8,66,15,21
251,"Misfortune Cosmos",EP,2004,5,18,15,23
252,"The Lose Immortalized",DLP,1985,19,74,24,24
253,"And Short Rock To Plan A Brave",TLP,1982,39,54,3,4
254,"P.L.A.N.",SP,2007,1,22,18,10
255,"Into A Attractive Suicide In",DLP,2002,28,9,13,23
256,"High Devil",DLP,2013,15,47,3,10
257,"Lion",SP,1980,1,110,20,14
258,"Peace",LP,2009,8,49,4,10
259,"Excellent Scroll",TLP,1998,50,31,7,32
260,"Head To Watch A Long Body Under",EP,1977,5,82,11,24
261,"Awake Near Bad Annihilator",TLP,2012,47,71,18,11
262,"Over Young Fantom A Intro Slow Plug",LP,1992,12,8,12,15
263,"Feel To Hide A",EP,1971,4,100,5,7
264,"Pay To The",LP,1973,11,85,22,9
265,"E.L.E.C.T.R.I.C.I.T.Y.",EP,1975,5,30,9,20
266,"E.A.R.",TLP,1977,37,112,23,15
267,"Choke",LP,1974,11,26,2,22
268,"Far From A The",EP,1984,6,71,14,32
269,"Around Bloody Electricity The",LP,1989,14,76,2,3
270,"Z.O.O.",TLP,1970,50,66,3,7
271,"Vote Over Hard Shit Of",LP,1974,7,23,9,9
272,"Fear Far From The",EP,1982,6,94,17,9
273,"Confined Quality To Bill Jealous",EP,1991,2,10,21,21
274,"Jealous Hell A Firebringer Lost Crown A",EP,1994,2,97,7,32
275,"Rain",LP,1998,11,93,7,1
276,"R.O.B.O.T.",DLP,2019,28,51,2,4
277,"To Grave Young Picture Over The",SP,1977,1,50,5,5
278,"Funeral The Bear Young Picture The The",EP,1976,6,85,10,17
279,"For Far Mind To Mad",SP,1996,1,51,1,31
280,"The Fast Mind Under",SP,1970,1,9,14,1
281,"G.O.D.",EP,1997,2,58,19,31
282,"H.E.L.L.",DLP,1975,20,52,1,27
283,"To Red Man Into The Nuclear Lord",DLP,2015,25,31,2,27
284,"Sex",TLP,1970,48,92,1,17
285,"The Climb Misfortune Lord To Kill A",EP,1975,3,24,7,15
286,"Find To Notice Young Glass",TLP,1989,46,15,17,27
287,"Luck A Loud Gun",DLP,1990,18,72,19,23
288,"Word The Cocaine Bold Shirt The",EP,2016,6,48,14,20
289,"Fantom To Pick A Wheel The",LP,1997,13,51,23,9
290,"And A Busy Lion Under The",LP,1992,14,3,15,6
291,"Dead Campfire",LP,1984,13,25,13,30
292,"Over A Potato Little Shirt",EP,2020,2,70,14,28
293,"The Raid A Shadow The Powerful",DLP,2007,33,4,20,17
294,"Witch The Foolish Lord",DLP,2019,30,76,6,33
295,"Beautiful Information",TLP,2011,50,24,5,7
296,"Over A Gum Wild Day And Misfortune",EP,1989,2,81,22,7
297,"Broken Mister The Misfortune Roof For Far",SP,1977,1,48,13,21
298,"F.I.R.E.W.A.L.K.",LP,1991,14,42,23,3
299,"Bang For The",TLP,2004,36,91,12,10
300,"To Shy Battle Around Bold Shadow Of",EP,1978,4,109,13,28
301,"A Storm Nasty Time Of The Wasted",DLP,2003,22,112,25,25
302,"To Lion Big Food To",EP,2005,4,52,18,11
303,"Pink Forest Into",DLP,2011,18,19,12,24
304,"Busy Rake",DLP,1976,24,54,25,29
305,"Valley",SP,1988,1,54,12,9
306,"Hell",TLP,2003,42,26,23,24
307,"Watch In Dead Picture",LP,1981,11,31,25,11
308,"To Reason Main Right",TLP,2005,47,43,13,18
309,"Ship",TLP,1986,34,57,5,3
310,"Papyrus The Hollow Papyrus Far From",TLP,1997,41,33,20,5
311,"Be To Be Bold Space And White",EP,1991,4,52,2,21
312,"Fantom",EP,1981,5,84,6,21
313,"A Vote The Beautiful Rock",TLP,2009,44,38,2,22
314,"To Rope Mad Pig To Search A",SP,1975,1,83,2,12
315,"To Rock The Clarity Saint",EP,1982,3,21,22,7
316,"Ray Pepper",TLP,1986,40,28,19,28
317,"Rock Over Loud",EP,2005,2,103,14,24
318,"Void Name",SP,1987,1,47,23,12
319,"Ray Peace",DLP,1984,26,96,15,30
320,"Poor Laboratory Over The The",LP,2003,7,107,24,12
321,"Under A The",SP,1970,1,105,3,15
322,"A Grave The",EP,1994,3,2,9,7
323,"Trinagle The Park Light One The",SP,1992,1,20,10,27
324,"W.I.T.C.H.",LP,1970,9,102,16,17
325,"A Short Intelligence On Attractive Hat On",TLP,1983,48,98,5,18
326,"To Green Lion A Miss Little Silence",LP,1970,10,81,19,14
327,"To Pig A Yellow Valley A The",LP,1978,13,52,9,16
328,"Far From Immortalized Dog A Poor Horror",SP,2009,1,66,11,10
329,"Electricity",TLP,2013,46,29,16,31
330,"Church",SP,1970,1,7,17,8
331,"Powerful Lion The Guy Void Pit To",SP,2001,1,11,3,16
332,"Armoured Space",LP,2020,10,50,10,24
333,"Far From The Poison Void Deer Far From",EP,1990,3,2,20,22
334,"Y.O.U.N.G.",EP,1995,3,58,8,31
335,"And A Dumb Raid The Armoured",TLP,1992,39,64,4,15
336,"To Attractive Fire Far From Rude Rock Around",LP,2019,14,37,7,16
337,"Magician",SP,2000,1,10,9,14
338,"Rake Under The The",SP,2015,1,24,15,5
339,"Die To Hill A A",DLP,1973,15,110,11,5
340,"Loaded Brain",TLP,2005,34,3,25,33
341,"Papyrus A Busy Zoo",DLP,1970,21,66,9,6
342,"B.O.D.Y.",DLP,2017,18,15,13,22
343,"Rude Grave",TLP,1995,34,42,11,3
344,"To Bow The Saint",EP,2016,5,17,17,32
345,"Blaze",EP,2017,4,34,13,12
346,"For Main Faith The Fast Rest",LP,1974,13,44,21,7
347,"To Question A Tasty",EP,1994,3,58,22,32
348,"For Brown Police To Fight The",LP,2018,7,86,3,18
349,"Charged Church The Near Money To The",LP,2018,10,23,10,16
350,"A Ride The",DLP,1973,17,48,15,14
351,"Over The Big Ship On The A",DLP,2009,27,41,7,23
352,"Around Young Day",DLP,2011,19,70,3,19
353,"Ground",EP,1997,5,106,21,10
354,"Dope And The Pokemon Hard Body",LP,1973,12,39,20,33
355,"Wild School The",SP,1991,1,98,23,6
356,"The Pay Charged Coffee The",LP,1986,8,111,13,26
357,"To White Castle And",EP,1978,3,113,14,15
358,"Into Wheat Satana In",TLP,1980,38,94,16,9
359,"Nasty Path To Wall The A",TLP,1981,42,75,11,25
360,"Root To Bold Eye",SP,1974,1,9,21,16
361,"Fantom For Light Pantalons Under The",LP,1993,8,5,16,6
362,"The Paranoic Papyrus Around Blind Crown The",EP,1987,5,13,14,16
363,"P.A.T.H.",DLP,2001,17,23,25,19
364,"S.C.O.T.C.H.",EP,1988,4,11,21,28
365,"Justice",DLP,1993,18,69,23,31
366,"A Tear Lost Hair",TLP,2003,35,38,21,9
367,"The Pill Bold Bone And The A",TLP,2018,43,80,25,22
368,"P.E.P.P.E.R.",TLP,2012,50,47,15,2
369,"Electricity Into The Storm The A",DLP,2014,23,44,19,30
370,"Near A Poor Storm",SP,2012,1,26,10,7
371,"Justice Far From A Loaded Latte Of",TLP,1972,40,7,1,23
372,"In A The",LP,2001,12,44,5,17
373,"To Blind Witch Over A Amazing...",EP,2018,5,99,19,13
374,"Pink Bear The Venom Main",EP,2009,4,78,3,6
375,"Light And Small Rock Under A",TLP,1992,36,5,2,18
376,"Wheat Fortress For Yellow Identity",EP,2012,4,101,8,2
377,"Under Powerful Gum A Convicted Shirt",SP,2002,1,76,22,27
378,"Human Around A",DLP,1980,31,71,10,8
379,"To Intelligence Dead",TLP,2000,34,24,21,10
380,"A Powerful Castle The",TLP,1987,36,67,3,10
381,"Green Park",LP,1995,7,32,11,30
382,"To Glass The Grave Poor Intro For",EP,2020,3,95,15,28
383,"Foolish Clarity A",EP,1982,6,16,24,31
384,"And A Shy",SP,1995,1,57,23,32
385,"Potato The Gun Small",LP,2001,13,35,17,24
386,"Red Young",LP,2015,13,66,6,31
387,"Far Angel Around",TLP,1997,47,66,3,1
388,"Miss",EP,1995,3,106,23,29
389,"To Yellow Castle A Jealous Horror",LP,1981,9,6,9,16
390,"Bloody Russia Of",LP,1979,13,86,24,26
391,"Beautiful Crown To",SP,2002,1,36,14,32
392,"Bang Under The The",DLP,1983,23,86,11,17
393,"P.O.N.T.",TLP,2013,48,110,24,30
394,"I.D.E.N.T.I.T.Y.",DLP,2010,31,75,16,29
395,"To Light Root",LP,1998,7,94,16,13
396,"Bear Into Immortalized",SP,1986,1,60,22,32
397,"S.U.I.C.I.D.E.",DLP,2020,18,52,9,4
398,"To Firewalk Grey Playboy For Heavy",LP,1977,10,75,21,18
399,"Castle",LP,1971,13,60,22,25
400,"Fury Tree",DLP,1974,21,23,20,24
401,"Condemned Day",LP,1999,13,57,24,30
402,"Pie",EP,2017,3,92,23,10
403,"Forest",SP,1979,1,26,13,7
404,"Playboy",EP,1997,3,102,15,13
405,"Shine To Police Awaken",DLP,1980,22,93,22,2
406,"Dark Nightmare To Attractive Zoo The",SP,2019,1,100,17,20
407,"To Spooky Faith The Wheat",SP,1984,1,14,24,18
408,"Of Sunny Ground The Luck A A",LP,2017,12,94,4,12
409,"Foolish Word",EP,1997,2,28,18,23
410,"Beautiful Star Near Strong",TLP,2003,45,34,7,18
411,"Alive To Faith Confined",SP,1981,1,45,2,17
412,"Rule To Fence The The",LP,2017,14,64,18,19
413,"Far From A Tall",DLP,1987,28,6,18,31
414,"Bold Castle",EP,1983,4,24,10,21
415,"In A Body The Church Fast Prayer",EP,2001,4,49,6,10
416,"Into The Cane White Cane Of A",LP,1970,8,23,4,13
417,"Fury Scroll To",TLP,2012,37,22,20,2
418,"Pull Under A Funeral Loaded Battle",TLP,2016,35,76,21,31
419,"Tear On A Loud",DLP,2015,16,12,19,29
420,"Justice",DLP,2009,26,103,20,24
421,"Shirt",SP,2008,1,96,16,7
422,"Will",LP,1974,9,100,3,11
423,"Into Attractive Clarity",TLP,1970,47,23,16,23
424,"To Convicted Glass The Nuclear Wheel And...",TLP,1971,47,20,14,14
425,"High School",SP,1986,1,2,20,17
426,"Shine To Watch The Noise Tall",TLP,1986,50,82,16,6
427,"To Broken Bow A The",LP,1997,10,64,9,24
428,"A Bad Hell Of",LP,1978,13,20,19,12
429,"Under The Brown Deer",TLP,2005,38,56,2,27
430,"Into The Weak",DLP,1999,17,63,15,28
431,"In Amazing Time In Dumb",TLP,2020,45,78,15,7
432,"Pink Angel",DLP,2006,21,104,22,18
433,"T.O.N.G.U.E.",LP,1983,12,108,10,12
434,"A Wheat Faith To",TLP,2014,48,62,22,17
435,"A Show Light Cosmos To Red",TLP,1987,48,23,15,28
436,"Search For A",DLP,1973,21,64,6,8
437,"Weak Nose",SP,1995,1,38,24,8
438,"Fear",SP,2018,1,81,14,27
439,"Thaum A Awaken",SP,1983,1,21,1,11
440,"A Fall Ray...",LP,1978,12,5,11,33
441,"The Demon Condemned Robot A Root Sunny",LP,1986,10,90,1,11
442,"E.Y.E.",LP,1979,11,75,15,27
443,"In Big Blame Into Brown Cake",LP,2006,8,63,25,26
444,"Black Grave",SP,1988,1,3,9,32
445,"Identity To Notice A",SP,1980,1,64,20,14
446,"Saint Hippster In A",DLP,2008,19,107,16,25
447,"Fire",LP,1993,12,51,8,5
448,"Saint Plague",EP,1974,3,5,22,4
449,"To Possessed Calculator To Show Dead Tree",SP,1993,1,66,25,13
450,"The School A Excellent",LP,1991,14,84,10,24
451,"Rude Mister",LP,1977,7,45,16,15
452,"On Deep Patrol The The",EP,1999,6,64,11,5
453,"And The Mister The",EP,2003,2,2,3,21
454,"Leaf On White Union To Black",TLP,2015,40,98,8,17
455,"Fury Near Brown",EP,1997,4,101,1,15
456,"To Great Valley",TLP,1999,43,72,22,10
457,"Information",SP,1993,1,26,19,9
458,"Far From Rude Median",EP,2000,5,106,4,26
459,"L.I.O.N.",TLP,1981,38,106,11,5
460,"Hollow Right On",TLP,1977,48,105,19,7
461,"For A Bloody",DLP,2018,25,16,13,2
462,"A King A Nightmare Stimulated",EP,2014,4,16,3,30
463,"Fury And The Sunny Fake To A",TLP,1990,39,102,5,31
464,"Grave To Ring The Ray Hill",EP,2014,5,13,3,9
465,"Ring Near Nuclear Sweater Under",SP,2013,1,53,15,21
466,"Raid Over Alone",SP,1998,1,51,19,31
467,"Listen For Ray Peace The A",DLP,1986,29,98,2,31
468,"Time To Light Blind Union Near Tasty",LP,2020,8,85,24,18
469,"Search To Hard Heaven The",TLP,2002,40,88,16,14
470,"To Lie A The",DLP,1994,20,80,7,10
471,"Suicide",LP,1984,13,91,5,2
472,"To Beach A",DLP,1981,18,70,16,31
473,"To Dead King",SP,1970,1,76,14,28
474,"I.N.F.O.R.M.A.T.I.O.N.",EP,2009,6,97,17,23
475,"A Armoured Intelligence To",DLP,1999,27,1,16,6
476,"Jealous Bear",LP,2003,12,98,3,22
477,"Ear",SP,1975,1,43,19,26
478,"Into Brown Tupe The A",LP,2011,11,50,1,21
479,"The Amazing Time A Pink",TLP,1971,39,15,21,12
480,"Be To Hang A Clarity Tasty Cake",LP,1977,8,90,23,9
481,"Bad Cane",LP,1975,8,100,6,20
482,"N.I.G.H.T.M.A.R.E.",TLP,1990,43,88,5,29
483,"Wheel On The Nail A",SP,1991,1,47,9,9
484,"A Charged Will To Jealous",LP,1997,12,96,25,9
485,"Guy A Far",LP,1999,13,104,7,31
486,"Bone A Tasty Ground On Grey",SP,1986,1,55,16,1
487,"Lost Home The A",TLP,2019,43,108,20,32
488,"To Hat Excellent Satana To Beautiful",EP,1980,3,62,2,21
489,"To Young Lion Far From A Big",EP,1994,6,33,22,30
490,"To Heaven Tasty Potato Far From Weak",DLP,1991,22,99,2,6
491,"To Faith The",EP,1974,3,82,24,17
492,"Think To Rake Poor",TLP,2016,45,11,7,16
493,"Ride In A Charged Season To Grey",DLP,1976,17,94,20,2
494,"Busy Blood A Mad Campfire",LP,2015,8,19,4,18
495,"To Blind Rock A",SP,2003,1,87,11,24
496,"B.L.A.Z.E.",SP,1977,1,50,5,5
497,"A Vote Safe Identity",TLP,1972,40,88,20,25
498,"Lord",EP,2011,3,93,1,31
499,"God The Bad Magician A Faint Suicide",EP,2008,6,8,10,3
500,"Clarity",TLP,1971,45,111,13,4
501,"Find Near Big Leader A",TLP,1992,42,98,11,28
502,"Around A Peace The",TLP,1996,39,36,11,30
503,"Green Ocean",SP,2009,1,7,5,15
504,"Brain",SP,1974,1,62,3,22
505,"Into Near Venom And",EP,1988,3,56,14,7
506,"The Laboratory Busy Worm",SP,1994,1,31,4,16
507,"Amazing King",LP,2016,10,60,17,18
508,"W.H.E.E.L.",EP,2016,2,48,24,11
509,"For Lost Justice Over Hard Miss Over",SP,1984,1,80,6,32
510,"The Deer A",EP,1995,6,110,4,24
511,"Hole A Charged Porn To",EP,2009,5,54,1,16
512,"Tree",DLP,2020,31,4,23,27
513,"Search To Wheat",TLP,2018,44,1,8,9
514,"Satisfied Worm",EP,1977,3,7,6,19
515,"Fury Firebringer",EP,1998,5,96,2,13
516,"School Under The Rude Angel To",TLP,2001,41,39,16,9
517,"Around A A",EP,2000,5,32,19,33
518,"To Excellent Ocean The",SP,1988,1,79,6,21
519,"Far From The The",LP,1999,10,110,11,27
520,"To High Luck A",LP,2013,11,44,4,22
521,"In Satisfied Light",SP,1996,1,100,25,11
522,"Brave Body",TLP,1970,43,77,3,28
523,"Wild Park For",EP,1999,2,5,17,2
524,"Bold Pie And Near Guy Into A",EP,1989,2,8,21,6
525,"B.L.A.Z.E.",LP,2019,12,91,2,22
526,"Ship",EP,1995,5,77,11,1
527,"Find To Boot Ray Love Near Amazing",TLP,1987,46,64,25,15
528,"Of Satisfied Pit Near",DLP,1992,25,75,19,5
529,"Possessed Median Around",LP,1971,9,6,17,12
530,"Brave School Far From The",SP,1971,1,87,15,15
531,"Awaken Book A Noise The Faint Plague",LP,2017,11,104,8,5
532,"Choose And A Light A Sunny",DLP,1986,29,96,19,15
533,"Enjoy In Stimulated Space A Light Patrol",TLP,2007,47,72,19,27
534,"Lose To Shine A Nail The",EP,1994,5,103,25,4
535,"A Blind Lamp To",SP,1981,1,14,21,3
536,"For Loud Fake To Sunny",DLP,1972,28,33,9,9
537,"The Spooky God Far From The",EP,1973,6,54,15,24
538,"S.H.A.D.O.W.",EP,1986,3,96,2,16
539,"To White Demon",DLP,1996,21,97,8,9
540,"To Charged Porn Near Fast Eye",DLP,1976,25,80,3,25
541,"Poor Intro",SP,1988,1,61,21,16
542,"Excellent Clarity",LP,1986,10,58,4,11
543,"Call In Awaken Murder To Forest Excellent",EP,1971,3,70,17,32
544,"Put Of A Dark Krim A",EP,2015,4,17,20,2
545,"Into The Grave Short Young A Yellow...",LP,1984,7,110,23,16
546,"The Fear Wheat",TLP,1979,35,87,20,13
547,"XFdzG",DLP,2001,32,21,23,24
548,"Confined Clarity A Ship A Intro The",DLP,1981,32,32,3,2
549,"P.E.A.C.E.",TLP,2003,35,62,8,12
550,"Misfortune Magician",EP,1988,5,33,7,18
551,"P.I.C.T.U.R.E.",LP,2005,14,64,5,29
552,"F.A.K.E.",LP,1980,9,53,24,14
553,"Hell",TLP,1999,50,11,17,29
554,"To Strong Gun Far From A",EP,1986,5,24,16,3
555,"Young Root",TLP,1987,46,34,2,21
556,"Pick To Pay Spooky Pain Into",LP,2012,8,92,5,23
557,"Fantom",LP,1988,7,11,3,12
558,"Pepper The Guy A Jealous One Around",LP,1997,14,78,11,1
559,"See To Shine Broken",SP,2003,1,69,17,30
560,"R.O.O.F.",LP,1999,13,72,11,22
561,"P.I.L.L.",DLP,2000,24,45,1,9
562,"To Lion The Head Void Day",TLP,2020,45,29,2,1
563,"Pain",TLP,1991,42,22,8,26
564,"Plan Far From Beautiful Blaze To",DLP,2007,20,28,22,7
565,"In Ray Food",SP,1979,1,92,8,12
566,"Nasty Pie",DLP,1982,27,102,18,18
567,"Papyrus To Quality The",LP,2002,11,56,11,24
568,"To Heaven Busy Pit A Rude",LP,1978,12,104,17,12
569,"G.R.O.U.N.D.",LP,1981,7,85,1,19
570,"To Weak Glass Into",EP,1994,6,98,11,15
571,"Laboratory",TLP,2014,41,41,21,13
572,"On A Wasted Porn",TLP,1991,44,53,14,12
573,"Battle",TLP,1971,47,57,4,12
574,"Fury Silence",SP,2019,1,68,6,2
575,"Be Of A Plug Charged",SP,2004,1,18,18,6
576,"Lose Over The A",EP,2019,3,74,18,12
577,"The Shadow Sunny Pepper Into A A",LP,1998,14,44,11,33
578,"Ride And The Funeral Bold",SP,1986,1,101,14,29
579,"Far From The Big Eye Near Fury Electricity",DLP,2001,28,29,18,28
580,"Around Attractive Pit A Charged Fortress",DLP,2009,29,99,25,2
581,"To Loaded Satana Around",DLP,1988,28,33,2,30
582,"Over A Loud Exhausted A The",EP,1993,2,93,24,33
583,"The Magician The",DLP,1979,20,73,12,11
584,"To Short Clarity",SP,2017,1,66,7,23
585,"The Tongue The Pit Hard Heaven",TLP,1987,39,80,16,25
586,"Near A Attractive Ear The",SP,2002,1,104,21,15
587,"P.E.A.C.E.",EP,1995,2,31,14,10
588,"Lamp",TLP,1992,41,3,1,6
589,"To Laboratory Armoured Pantalons Far From Nuclear Suicide",SP,2008,1,21,4,9
590,"Brave Name",TLP,1998,36,77,24,27
591,"To Awaken Sex Under Spooky Ocean",TLP,2016,34,102,19,22
592,"The Lost Median Over A",TLP,2016,37,51,1,5
593,"Think To Castle Faint",SP,1976,1,90,1,6
594,"To Justice Lost...",DLP,2015,22,50,1,32
595,"Little Tree For Far Pain The Spooky",DLP,2013,16,27,10,21
596,"E.X.H.A.U.S.T.E.D.",LP,2004,12,26,22,28
597,"E.L.E.C.T.R.I.C.I.T.Y.",DLP,1979,27,75,14,12
598,"To Hollow Bone The The",TLP,1995,43,98,2,33
599,"Nuclear Tongue A Amazing Church Around Strong",DLP,1996,27,43,15,5
600,"Far Bone Far From A Slow Horror In",LP,2011,7,59,12,22
601,"On A Amazing",SP,1984,1,18,11,10
602,"To Powerful Patrol The Possessed",SP,1978,1,53,25,5
603,"Play Far From A Little Nightmare The",SP,1999,1,99,13,8
604,"Rule To Safe",DLP,1975,32,111,17,13
605,"A Peace A Blind Blood The",LP,2018,8,56,25,16
606,"Venom",LP,1982,8,60,3,33
607,"Light And A Fury",LP,2010,10,110,8,10
608,"Feel To Tree The The",LP,1991,13,63,21,18
609,"Cosmos The Murder A",LP,2014,9,106,13,17
610,"Lose In A Love The The",TLP,2007,35,27,23,25
611,"Pont For A Wall A The",EP,1977,4,61,22,7
612,"G.I.R.L.",DLP,1972,33,1,3,26
613,"Mountain Of Great Plague",SP,1979,1,89,3,17
614,"The Awake Foolish Hippster",EP,2008,5,31,23,27
615,"Paranoic Dope",DLP,2003,28,73,1,19
616,"Near Yellow Silence And A Dumb",EP,2009,2,109,15,20
617,"Strong World For The Excellent Lie",DLP,1988,26,99,13,26
618,"Of The Home Bold Silence Around High",TLP,2013,47,62,2,3
619,"Hollow Ground The Pantalons A A",EP,2007,3,19,6,13
620,"Think To Bad Crown The",EP,1999,5,56,25,12
621,"Ground",SP,1990,1,44,6,13
622,"Scotch Around Loaded Zoo A Fast",SP,2002,1,35,7,6
623,"Shy Rope",EP,2003,2,51,20,19
624,"Campfire",LP,2003,7,70,8,18
625,"Sex",DLP,1982,17,24,9,29
626,"Love To See The",SP,2019,1,35,15,14
627,"For A Wheat Witchcult Under A The",TLP,2019,37,83,24,16
628,"To Rude Money Into",SP,2007,1,20,11,25
629,"Satana A Stimulated Castle Over The",EP,2010,6,61,25,3
630,"Cane On Bad",DLP,1985,19,109,19,1
631,"The Pray A Ground A A",EP,1991,2,103,24,32
632,"Beat To Forgive The",DLP,1982,28,100,18,11
633,"Pray To Tea High Tea A The",EP,1973,3,14,19,14
634,"Heavy Wall To Sunny Ping To",TLP,1993,48,53,12,32
635,"Jealous Choke",DLP,2000,20,69,14,7
636,"On The Bloody Arrow To Laboratory Tasty",TLP,1985,35,29,7,13
637,"A Pokemon Heavy",LP,2020,9,109,13,2
638,"Witch A A",DLP,1985,33,73,25,22
639,"Dark Fire",DLP,2011,28,100,9,31
640,"Alive Near A Sex Broken",SP,1976,1,35,19,14
641,"A Bad Latte Around",DLP,1976,22,92,22,3
642,"Girl",LP,1997,7,80,8,6
643,"To Alone Noise Far From The",DLP,2012,23,15,11,15
644,"Nail In The Bad",TLP,1992,46,81,24,27
645,"N.O.I.S.E.",DLP,2007,29,94,10,6
646,"The Hard King Near",LP,2003,13,17,5,10
647,"Be To Pink Right In Excellent",DLP,2008,28,50,5,12
648,"Alive Near Bold Day The",DLP,2015,29,55,11,6
649,"Over A Man Tall",LP,2007,10,38,11,4
650,"Heavy Plan The Confined Russia Into Safe",SP,1995,1,106,18,15
651,"Alone Gum A",DLP,1975,29,21,4,6
652,"On Tall Prayer",SP,2018,1,10,12,26
653,"Pink Quad Into The",LP,1996,10,104,20,13
654,"The Show A A",LP,1975,10,43,18,23
655,"The Main Shadow A Silence Loaded Root",SP,2005,1,46,20,26
656,"Ocean Around The Bloody Bear To",LP,1999,12,46,9,10
657,"Small Day A Playboy Immortalized",TLP,1979,42,14,3,20
658,"N.I.G.H.T.M.A.R.E.",LP,2001,10,21,19,14
659,"A Fence Little Sex Into A",TLP,1977,46,105,18,23
660,"S.A.T.A.N.A.",LP,1974,10,79,3,17
661,"To Hard Funeral The Dead",DLP,1974,27,20,10,12
662,"Safe Battle The Beast A Day The",TLP,1995,40,1,10,30
663,"Hair",DLP,1975,30,9,22,10
664,"Murder The Light Venom Into Bold",DLP,1979,16,108,4,18
665,"Miss",TLP,1998,47,65,10,33
666,"Wasted Intelligence",TLP,1996,37,51,13,28
667,"Campfire Of Saint Castle To",SP,1985,1,88,19,6
668,"In The Wild Food A Shit Hard",TLP,1987,47,108,9,15
669,"Notice To Blood The Mad",LP,1982,8,31,24,1
670,"To Zoo The Black Hippster A",SP,1975,1,10,4,2
671,"Near Union Of",DLP,1996,22,109,23,22
672,"Heaven",SP,1983,1,46,1,29
673,"Ray Picture",LP,2014,10,63,18,21
674,"Near Broken Mind Under The The",EP,2014,5,67,2,22
675,"Season",DLP,2016,20,108,8,28
676,"Under A Sunny Plan A Excellent",DLP,1989,20,47,13,22
677,"Fear For Bad",SP,1975,1,86,13,3
678,"Excellent Moon The",LP,2007,13,48,17,26
679,"A Food Loaded Electricity",SP,2014,1,3,12,29
680,"To Ping Short",EP,2015,4,29,5,25
681,"The Gum The",DLP,1989,31,77,22,6
682,"hRoLuMMbmko",TLP,1996,39,84,3,3
683,"Convicted Rope Over The Awaken Forest Under",SP,2015,1,11,22,23
684,"Blind Shirt",SP,1974,1,69,13,26
685,"Far From The Sunny God",SP,1992,1,77,8,4
686,"Home The Magician Grey Gum To A",DLP,2016,29,110,8,10
687,"Heavy Young In Dead Beer To",SP,1975,1,78,6,13
688,"To Nightmare Nuclear Nail Near A A",SP,1980,1,68,1,7
689,"R.O.O.F.",DLP,2017,21,63,11,2
690,"Blame",TLP,1995,45,97,8,30
691,"Hippster",SP,1994,1,58,13,28
692,"Deep Choke",LP,1986,13,83,12,6
693,"To Head The Main Cane Around",DLP,2009,32,94,2,3
694,"God The Miss A",LP,2001,12,70,25,30
695,"Young Exhausted",EP,1990,5,57,10,7
696,"Demon",EP,1985,2,7,23,23
697,"Light Of Busy Fantom Of Red Mountain",LP,2002,12,20,1,3
698,"To Bear The",EP,1990,2,61,9,13
699,"Into A Immortalized Cup Around A",EP,1974,4,59,19,9
700,"Pepper",DLP,2004,16,11,19,29
701,"The Amazing School The Excellent School",SP,1979,1,23,18,19
702,"The Nightmare A Peace Grey Fence",DLP,1971,25,22,14,7
703,"Armoured Shadow",SP,2006,1,17,20,33
704,"Dark Hair",TLP,2003,45,38,22,3
705,"A King The A",TLP,1989,43,99,25,26
706,"The Nasty Day A Shy Sweater",SP,1975,1,42,22,30
707,"F.O.R.T.R.E.S.S.",DLP,2018,18,51,19,28
708,"Gun",DLP,1996,27,61,12,11
709,"Hat",DLP,1972,30,73,10,33
710,"Far From Fury Deer On A",SP,1979,1,47,17,3
711,"Battle",LP,1982,8,61,4,8
712,"Faint Witchcult On Small Forest Of",SP,1970,1,26,10,20
713,"Blood",EP,2011,2,57,5,12
714,"Notice To Be Weak Quality...",EP,2008,3,87,9,8
715,"Boot Around Loaded Horror To",DLP,1990,23,76,5,28
716,"Fury Fire",EP,1999,2,83,6,32
717,"Listen Around A Foolish Season On",EP,2018,5,111,1,22
718,"A Lose A Void",TLP,1985,40,16,11,10
719,"To Rude Shadow",LP,1987,9,54,10,14
720,"To Deer Void Mister",EP,1972,3,95,16,13
721,"R.E.A.S.O.N.",EP,1993,2,61,18,17
722,"Fury In Jealous Hole Around A",LP,1985,14,44,9,6
723,"For Amazing Roof",SP,2011,1,49,17,29
724,"Gum Around Dumb",TLP,2020,42,70,6,25
725,"The Star Light Patrol",TLP,1973,41,12,7,16
726,"Hard Blood To Ground The Scotch A",EP,2006,2,43,22,31
727,"Playboy",SP,2011,1,22,2,3
728,"Lose To Satisfied Beach",SP,1981,1,31,17,29
729,"In The Strong Word In A",TLP,1988,45,9,7,22
730,"Long Union",EP,2014,6,6,14,15
731,"Young World",TLP,1987,50,97,23,20
732,"To Hippster Excellent Food",EP,2006,3,17,13,29
733,"Wall",SP,1984,1,73,18,18
734,"The Scroll Big Pain The Slow Krim",SP,1989,1,22,15,24
735,"Young Trinagle",DLP,2005,22,49,2,7
736,"Bow",LP,1977,14,110,23,1
737,"Main Intelligence",SP,2004,1,91,5,16
738,"And The Mad Shadow A Rock The",LP,1976,10,97,2,12
739,"The Shoot Dark Blood Of A",DLP,1984,15,48,21,16
740,"To Lost Bone To The",DLP,1970,24,22,8,23
741,"Wall Near Sunny",LP,1985,7,70,11,9
742,"Hill Around Mad Tear In Lost Rain",TLP,1989,34,73,2,31
743,"Safe Justice Far From Wheat Fake On",DLP,2018,22,80,5,26
744,"Climb To Funeral Condemned",DLP,2018,17,92,7,21
745,"To Space Far Thaum Over",SP,1980,1,63,18,26
746,"Raid The Loud",SP,2014,1,91,16,33
747,"Firewalk The Alone Ping",TLP,1988,47,57,4,33
748,"R.O.B.O.T.",SP,2015,1,19,16,30
749,"S.C.R.O.L.L.",LP,1976,12,83,17,30
750,"Fence",TLP,1970,41,44,21,7
751,"Condemned Food Near The Star A The",TLP,2012,39,44,14,28
752,"To Strong Bear Into The Strong Beach",EP,2012,2,97,18,22
753,"Dead God The The",SP,1979,1,102,10,20
754,"Lost Playboy",TLP,2002,43,102,4,21
755,"Main Fortress",EP,2012,3,106,25,20
756,"Moon To Storm Shy",EP,2003,6,38,4,3
757,"For A Potato A",EP,1972,3,74,13,8
758,"Loud Lion",DLP,1975,30,35,11,12
759,"Root To Hollow Potato",SP,2004,1,44,24,16
760,"Bad Time",LP,1990,12,56,14,24
761,"Faint Shirt",EP,1989,5,37,7,14
762,"Far From Great Rope A A",SP,1975,1,57,21,13
763,"Near Confined Season",TLP,1997,50,55,5,18
764,"Hide Near Red Pie The",LP,1987,9,14,6,16
765,"To Stimulated Gum To Mad Pig Of",SP,1994,1,48,13,31
766,"Green Bow",TLP,2000,44,50,16,33
767,"Hair",SP,1975,1,33,17,7
768,"rESUA",DLP,1972,26,59,9,11
769,"Nuclear Zoo",EP,2020,3,56,16,17
770,"Broken Exhausted A",TLP,1990,41,110,10,13
771,"Into Bloody Tupe Over Tasty Tea To",LP,1979,10,66,2,14
772,"Ping",SP,1985,1,107,8,13
773,"Pink Fantom",DLP,1986,25,69,8,18
774,"Word A Slow Hippster",EP,1991,2,70,9,29
775,"To Silence The",TLP,1995,50,84,5,12
776,"Foolish Roof Under Weak Fake",EP,2016,5,50,23,24
777,"For The Dark",EP,1993,4,28,7,27
778,"Light Hill A",DLP,1979,27,33,13,3
779,"Far From A Horror Long Rock And Jealous",TLP,2009,41,102,18,32
780,"Human",DLP,2010,22,42,8,15
781,"Mister The Heavy Sweater",EP,1972,5,57,23,21
782,"Vote And The Tupe A",LP,1982,12,31,10,20
783,"Eye The Young Hippster On The",EP,2014,4,66,7,5
784,"Small Human Over",EP,2000,5,24,1,14
785,"Voice",LP,1971,12,70,5,27
786,"Faint Witch",SP,2005,1,64,19,20
787,"Climb Around Saint",EP,2009,5,89,17,1
788,"Green Human Of A Light Grave",TLP,2001,45,47,12,28
789,"M.U.R.D.E.R.",TLP,2004,43,60,23,8
790,"Fantom",LP,1996,11,41,22,24
791,"Path",DLP,2011,29,35,15,20
792,"Near The Safe Word",DLP,1972,22,12,22,9
793,"Vote For A Satana Loaded Shirt",EP,1999,3,70,10,1
794,"Pay Over Condemned Hat Of",TLP,2013,48,50,24,5
795,"Choose Into Void Question Far From The",EP,1988,2,55,17,29
796,"Saint King",DLP,1997,19,113,7,4
797,"Hang To Luck A Union A",TLP,1993,50,46,11,24
798,"Crown",EP,1997,4,1,10,27
799,"Vote Over The The",TLP,1976,45,25,5,23
800,"Beast Over The",EP,1978,4,108,22,30
801,"Near Pepper A",TLP,1993,47,97,7,27
802,"R.O.O.T.",SP,1988,1,3,18,7
803,"To Pepper Blind Lamp On",TLP,1982,49,101,4,6
804,"Attractive Witch Far From Red Girl A",EP,2004,2,80,14,3
805,"Grave To Beautiful",TLP,1971,38,43,12,15
806,"Mad Pokemon",DLP,1984,18,42,2,19
807,"Fire Of A Exhausted A The",LP,2002,14,61,23,17
808,"P.E.P.P.E.R.",DLP,2018,21,19,11,24
809,"A Scotch A Loud One Around A",LP,1998,12,110,13,16
810,"Angel",LP,1984,9,64,14,13
811,"Head",LP,1980,13,59,3,4
812,"H.U.M.A.N.",EP,2014,5,56,1,16
813,"Peace",SP,2015,1,57,22,2
814,"Condemned Rock To Wild Brain The Void",SP,2014,1,62,10,14
815,"On The Big Moon The A",SP,2020,1,100,25,26
816,"To Misfortune Angel To Ride The",TLP,1978,38,50,17,20
817,"Misfortune Ship",TLP,2002,41,22,15,23
818,"R.E.A.S.O.N.",LP,1987,10,49,3,6
819,"Under A Rude",SP,1987,1,62,20,16
820,"Funeral",SP,1995,1,107,3,32
821,"Nail",EP,2010,3,48,10,14
822,"Potato To Pull Small Valley",DLP,1996,21,109,3,32
823,"B.O.W.",TLP,2015,42,13,19,15
824,"Rock A Heavy",TLP,1974,38,12,7,13
825,"Big Witch",DLP,2001,25,94,5,1
826,"See To Pill The Sunny",SP,1998,1,64,15,32
827,"Be To Love The Dumb Blame",EP,1990,2,110,22,4
828,"Alive To Beer A",DLP,2000,32,14,21,29
829,"Long Wheel",TLP,2013,50,104,8,10
830,"A Hang Little Pit",TLP,1975,50,71,22,18
831,"God",LP,2017,14,68,2,15
832,"Be To Push The",SP,2015,1,105,19,24
833,"The Weak Picture To Wild",EP,1997,2,44,19,9
834,"The Warrior A Witch The Pink Patrol",SP,1999,1,20,21,5
835,"Show Near A Main Suicide On The",LP,2016,12,19,1,23
836,"To Beast A A",LP,1971,7,67,16,11
837,"To Brave Battle",SP,1976,1,81,20,15
838,"Book A High Pie Far From",LP,2008,12,25,12,7
839,"The Vote A A",LP,1993,12,19,5,5
840,"Charged Glass The",SP,2006,1,56,1,17
841,"Ride Over Small Plug The",DLP,1981,31,76,14,28
842,"Of Deep Pantalons Over",DLP,1988,23,74,24,3
843,"Angel",DLP,2008,26,35,23,28
844,"Pantalons Around Bloody Union To",DLP,1978,15,90,7,4
845,"Main Papyrus",DLP,1995,15,57,11,7
846,"The Confined Lord On A Wild Reason",TLP,1975,43,99,2,30
847,"Luck",EP,1978,3,64,15,2
848,"Fast Lamp For The",LP,2019,14,67,14,29
849,"Shy Bear A Patrol A Time The",TLP,1996,35,71,1,30
850,"To Playboy Weak King Of Possessed",SP,1982,1,68,7,15
851,"To Worm A Charged Love",TLP,1998,50,31,5,12
852,"Small Bone For Blind Silence",TLP,1979,41,36,11,5
853,"Mad School For",EP,2003,5,41,6,23
854,"P.I.T.",LP,2002,9,30,6,31
855,"Plan The Brown Ship A Main",DLP,2005,23,9,13,8
856,"vRiwMtPVtrvKN",EP,2013,5,25,6,21
857,"To Wheat Raid Near Lost Pill A",DLP,1997,25,71,13,23
858,"A Pay Main",DLP,1990,24,60,9,5
859,"R.A.I.N.",TLP,1988,49,83,18,20
860,"To Head Stimulated Word Into",SP,2017,1,5,17,26
861,"Satana On Misfortune Day On",TLP,1977,45,94,23,27
862,"Dead Light",TLP,2001,36,14,15,28
863,"For A God The Grey",TLP,1992,45,60,10,12
864,"Bill",LP,1980,12,41,23,33
865,"Excellent Campfire",TLP,2017,42,3,25,19
866,"To Horror The Tall Zoo The",EP,2012,4,104,3,6
867,"Cup In Spooky Mountain On",EP,2011,2,11,10,14
868,"Enjoy To Confined Fear And",SP,2012,1,4,18,31
869,"Young Intro",LP,2003,14,15,17,3
870,"Raid",TLP,2009,46,28,15,5
871,"The Strong Rock In The Armoured",DLP,2009,30,16,15,25
872,"Shadow And The Shy",DLP,1995,16,82,11,14
873,"Lord In The",TLP,2015,40,43,11,4
874,"Head Far From A Question The Horror The",SP,2009,1,104,23,13
875,"Brain To Blaze Lost",EP,1989,3,75,19,25
876,"Wall",SP,2006,1,74,24,10
877,"Root",LP,2000,7,69,25,7
878,"To Main Tupe To A",EP,1996,3,103,22,20
879,"Leader",SP,1972,1,22,25,24
880,"Time",EP,1972,4,71,24,1
881,"Heavy Faith",SP,1979,1,49,24,19
882,"Lord",EP,1982,5,88,11,28
883,"W.H.E.E.L.",TLP,1997,43,35,1,9
884,"F.U.N.E.R.A.L.",LP,1989,12,84,19,16
885,"Wheat Right",SP,2004,1,102,21,4
886,"Young Horror Far From A",LP,2004,14,104,8,30
887,"Fury To Blood A",DLP,1975,31,90,21,29
888,"Ocean",EP,1981,5,52,15,33
889,"Choke",TLP,1990,38,1,21,24
890,"To Lord A Weak Russia",TLP,1981,36,29,12,9
891,"Over Deep Potato The Blood Heavy Beer",LP,1992,14,112,24,14
892,"To Hollow Blame To Pray A",DLP,2016,20,102,13,8
893,"Feel Into The The",LP,1970,8,5,16,12
894,"In Safe Lion In Awaken Wall",TLP,1978,48,37,19,19
895,"Poison Of Grey Book To Near",LP,2015,14,2,10,9
896,"Satisfied Hell",LP,1988,11,52,9,26
897,"A Cake Possessed Monkey",EP,1989,4,91,13,11
898,"Plague Of A Hair Small Wall",DLP,1984,26,43,24,31
899,"Wild Forest",DLP,2000,16,104,15,32
900,"A.R.R.O.W.",DLP,2007,16,71,7,3
901,"Ocean Over The Identity A Spooky",TLP,1996,41,92,8,31
902,"Into Void Annihilator",SP,1986,1,80,18,26
903,"Brown Tongue The Condemned Rake To",LP,2012,12,63,10,33
904,"To Confined Book The Head Confined",EP,2000,6,47,21,24
905,"Boot To Search Broken Plague A A",DLP,2017,23,104,2,6
906,"Blind Tea",DLP,1999,21,45,24,4
907,"To Grave The Far Intro In A",TLP,1970,42,2,13,29
908,"To Immortalized Wall The Ray Prayer And",LP,2020,10,60,19,21
909,"Hippster",SP,2007,1,82,13,16
910,"To Shy Fence Near A",SP,1990,1,80,18,1
911,"To Fence Big",SP,2000,1,52,7,13
912,"A Listen Alone",TLP,2020,47,29,3,21
913,"R.A.I.D.",SP,1999,1,11,12,3
914,"Fence",SP,2015,1,44,5,29
915,"Boot To Witchcult Light",DLP,1996,31,104,6,5
916,"To Awaken Gun A",EP,1973,2,11,7,25
917,"A Love Small Path The",LP,1997,11,15,17,6
918,"Alone Arrow Into",TLP,1971,37,72,8,17
919,"Condemned Nightmare To Convicted Reason",SP,1994,1,103,1,29
920,"Ray Nail",DLP,1980,16,13,12,11
921,"Grey Plague",SP,2014,1,102,2,10
922,"Possessed Bow",LP,2009,9,19,23,22
923,"Ride To Be Grey Pie A Dead",TLP,2005,39,9,25,26
924,"T.E.A.R.",LP,1999,8,58,3,24
925,"C.U.P.",LP,2012,8,72,10,22
926,"Nuclear Park",DLP,1970,20,59,19,9
927,"Nightmare Near The Spooky Papyrus",DLP,1973,32,73,19,9
928,"Nose",DLP,1987,21,65,11,18
929,"Monkey On Possessed Cup On",DLP,2019,20,21,18,3
930,"Into A Stimulated Russia A Will Immortalized",DLP,2010,19,2,12,18
931,"Put In The",TLP,1975,38,51,24,9
932,"Boot To Money Lost Hell Into The",EP,1996,4,87,8,5
933,"To Lost Median",LP,2009,13,52,14,7
934,"To Loaded Bear Into",EP,2000,5,14,4,7
935,"Watch Of A Powerful Pepper",EP,1985,4,6,15,7
936,"G.R.O.U.N.D.",EP,2005,5,61,22,20
937,"Pull To Mind The Pain The",LP,1986,7,19,4,27
938,"Fury Lord",DLP,1995,33,66,6,32
939,"See Far From A Blind Glass Around Light",SP,1979,1,42,2,29
940,"Show For A",LP,1988,8,54,5,23
941,"Bloody Cup To Awaken Monkey",EP,1970,5,99,12,14
942,"Black Castle A Slow Coffee",EP,2020,2,48,14,10
943,"To Wasted Shit Of A Bad Pill",LP,1970,13,98,16,3
944,"Peace And Beautiful Quad A...",SP,1975,1,95,21,10
945,"Robot Under Attractive",DLP,1973,29,91,20,21
946,"Shit For Mad",LP,2009,9,4,13,10
947,"The Near Campfire Near The Wild Tea",SP,1998,1,46,4,1
948,"H.O.R.R.O.R.",LP,2010,8,70,16,27
949,"Money A Scroll The A",TLP,1995,49,81,21,7
950,"Brown Time A Brain Nasty Moon",LP,1996,13,16,3,17
951,"To Satisfied Tree",DLP,1989,31,36,23,2
952,"Wild Tupe",TLP,1987,50,16,6,4
953,"Beast",DLP,1995,18,42,10,11
954,"Choose To Beautiful Question To The",EP,2020,4,59,15,26
955,"Blame",TLP,1996,42,111,5,31
956,"Shadow",EP,2006,2,2,12,27
957,"Median",DLP,1988,25,58,11,9
958,"T.E.A.",TLP,1995,40,16,1,7
959,"Of A Confined",DLP,1994,24,50,6,29
960,"Path To Fight The",LP,2000,12,69,23,30
961,"Convicted Star",SP,2007,1,65,18,7
962,"In A Exhausted A Nasty Church Over",SP,1988,1,55,19,2
963,"Enjoy To Love Amazing Lord Near...",DLP,1984,15,94,3,10
964,"M.O.U.N.T.A.I.N.",TLP,1986,40,31,16,20
965,"Put To Foolish Mister The Fast Cocaine",SP,2018,1,1,21,31
966,"Dumb Pepper Under A",LP,1991,13,23,9,33
967,"Confined Robot",SP,2002,1,11,7,14
968,"Young",SP,2004,1,12,9,33
969,"The Bill A Wild Playboy",DLP,1996,21,77,15,6
970,"H.O.R.R.O.R.",EP,2014,5,36,9,12
971,"Great Quality",SP,1971,1,70,15,16
972,"Red Moon And Bad Coffee Under Void",TLP,1987,49,57,10,3
973,"Girl",LP,1970,13,23,17,8
974,"Fight To Awake Paranoic Plague Of",TLP,1976,35,2,2,18
975,"Die Into The A",EP,1987,4,83,8,29
976,"Nuclear Lion Of Green Picture The",LP,1971,12,4,14,32
977,"Witch A Big",SP,1995,1,45,22,12
978,"Day To Season A Broken Justice Of",TLP,2011,36,77,19,21
979,"A Bloody Battle And The",EP,1996,5,58,17,19
980,"Blame In Fast Fear",TLP,1973,35,62,1,18
981,"Fury Hill",DLP,1998,19,13,2,12
982,"Safe Pont Over A The",TLP,1999,44,31,7,2
983,"Hang For The Valley A Awaken",SP,1985,1,63,1,30
984,"Alive On Dumb Worm Into Nuclear",LP,1989,13,25,21,5
985,"To Green Fire In Weak Body",SP,1989,1,96,23,11
986,"Intro",TLP,2003,43,53,17,3
987,"Of Near Rain",TLP,1997,46,15,18,11
988,"Hole",LP,1984,11,19,23,26
989,"Ray Ocean For Yellow Witch Into Brave",EP,2006,5,101,16,7
990,"PchOfe",TLP,1994,41,104,9,5
991,"Far From Lost Pantalons Far From",DLP,2011,29,80,7,21
992,"The Witchcult The",DLP,1998,32,3,25,30
993,"Jealous Dog",LP,2008,7,78,18,16
994,"In Tasty Cup A Venom The Yellow",SP,1977,1,3,25,12
995,"Rude Intro The Intelligence Excellent Pie The",LP,1974,12,111,8,17
996,"Far From A Alone Man",TLP,1971,41,54,3,23
997,"For A Possessed",EP,1970,6,46,4,28
998,"Shy Head",DLP,1983,18,88,25,5
999,"Battle",SP,2004,1,16,21,22
1000,"Far Time A Near Park",EP,1987,3,104,9,24
1001,"In Safe Season A",DLP,2015,25,88,3,21
1002,"A Call A Battle Wild Latte",DLP,1990,20,98,14,9
1003,"Ground",EP,1985,2,15,13,31
1004,"P.R.A.Y.E.R.",DLP,2019,25,30,2,24
1005,"To Name A Jealous Miss Over",DLP,1999,24,1,18,14
1006,"Mad Money",TLP,2000,45,39,1,13
1007,"Fear To Tasty",TLP,2005,47,29,25,4
1008,"To High Will The The",SP,2011,1,90,15,33
1009,"Rude Fantom",DLP,1972,24,17,14,7
1010,"A Charged Plague Into Heavy Body",DLP,1986,21,66,23,1
1011,"Pie To Long Calculator Into",DLP,1982,32,33,1,3
1012,"Far Spice",LP,1987,7,45,12,22
1013,"Beer",EP,2002,4,95,7,1
1014,"Q.U.E.S.T.I.O.N.",LP,1990,8,76,21,22
1015,"Around The Castle The Attractive Exhausted",LP,1979,8,7,13,19
1016,"Near Star The Leaf Deep",TLP,2019,35,12,8,26
1017,"Mad Blame",SP,1971,1,58,17,10
1018,"xjWFpoXkbW",EP,1987,4,68,20,9
1019,"Awaken Pont",TLP,1986,37,58,6,33
1020,"Hard Worm",EP,1994,2,81,3,29
1021,"A Cake Heavy Heaven The A",SP,2009,1,78,18,7
1022,"A Right Dark Leader",SP,1981,1,39,6,25
1023,"To Glass Dead Nightmare Into Dumb",LP,1992,9,58,12,10
1024,"Around Strong Glass Near A Great Witchcult",SP,1999,1,63,13,15
1025,"Into The Hard Guy Under A Black",EP,2020,3,54,18,14
1026,"Kill Over Busy Pont To Loud",SP,1997,1,27,21,2
1027,"Nasty Time A Lamp Immortalized Root",EP,1974,2,81,21,17
1028,"Foolish Leaf The",TLP,1982,45,38,5,7
1029,"Pokemon",DLP,1995,31,100,15,2
1030,"Faith",TLP,2017,47,75,24,16
1031,"Pain",TLP,1987,40,103,3,1
1032,"Young",DLP,1973,27,59,10,29
1033,"Feel For The Fortress The",SP,1999,1,32,14,2
1034,"Mountain",TLP,1977,41,6,5,30
1035,"To Brave Suicide",SP,2016,1,97,21,21
1036,"Suicide",LP,1999,13,10,1,12
1037,"Nail",LP,1999,14,47,2,17
1038,"P.O.L.I.C.E.",LP,2014,14,107,11,17
1039,"Safe Blame",TLP,1976,39,17,2,8
1040,"Near A Venom High Median The Dumb",SP,2000,1,56,4,3
1041,"Potato For A Annihilator Void Park",DLP,1978,16,84,16,5
1042,"Small Gun",SP,1983,1,62,7,27
1043,"Far From A Rain Black Eye Far From Paranoic",LP,1972,7,14,6,33
1044,"Far From Busy Ship To",LP,1984,8,96,3,25
1045,"High Cane Around A",DLP,2011,22,110,22,27
1046,"Police The Possessed Poison To",EP,1973,3,36,13,5
1047,"Of Pink Plague Into",EP,1990,2,34,10,21
1048,"Tall Cup For",TLP,2006,45,78,20,28
1049,"Season A One A",EP,2014,2,80,9,32
1050,"Enjoy For Pink Beer Over Long Median",EP,1973,5,63,17,24
1051,"To Mind Rude Light A Slow",SP,2007,1,64,5,30
1052,"A Right Brown Crown Into A",SP,1986,1,37,3,20
1053,"T.U.P.E.",SP,1992,1,72,23,1
1054,"Nuclear Home",TLP,1992,49,66,16,15
1055,"Ray Question To Plague The Beach A",EP,2014,4,79,21,12
1056,"To Mind The Satisfied",LP,2001,12,37,11,5
1057,"W.O.R.D.",SP,1995,1,78,22,22
1058,"Saint Leaf A Pain Beautiful Spice The",TLP,2000,37,59,22,2
1059,"Young Nightmare",TLP,2011,37,22,12,32
1060,"A Show Dark Papyrus",DLP,1992,15,76,16,6
1061,"To Head Strong",TLP,2003,36,27,16,27
1062,"P.O.L.I.C.E.",EP,1977,3,61,8,29
1063,"Over A Rock Blind",SP,1987,1,107,16,10
1064,"A Justice Grey Plan",LP,1987,10,67,3,14
1065,"A Calculator Immortalized",TLP,2015,50,7,4,14
1066,"Immortalized Hair Over Red",DLP,1990,20,41,10,28
1067,"R.E.A.S.O.N.",TLP,2007,43,91,6,9
1068,"For Hollow Moon The The",LP,1979,8,112,1,2
1069,"A Campfire Jealous Name",LP,2010,11,61,24,22
1070,"Yellow Star",TLP,1982,35,97,6,28
1071,"Near Stimulated Trinagle For The",TLP,1988,48,107,20,26
1072,"Grave",SP,2005,1,81,24,12
1073,"Slice To Rude Body Over",TLP,1983,39,86,17,8
1074,"Into Mad Pepper Under Faint Plug",SP,2004,1,6,3,25
1075,"Over Amazing Money Into Bold Playboy And",SP,1993,1,7,10,12
1076,"To Identity Shy Lord",EP,1993,6,89,21,3
1077,"Fury To Tree Dead Satana",EP,2001,5,63,24,31
1078,"Shy Ground In Void",SP,1984,1,62,2,29
1079,"Shoot To Bang The The",DLP,1999,20,26,20,11
1080,"To Shit Green Epic Over The The",DLP,2017,24,10,7,32
1081,"Tall Annihilator",TLP,1970,47,97,3,2
1082,"The Heavy Sex Of Heavy Fire",SP,1988,1,39,1,6
1083,"Notice Under Jealous Season To Attractive",DLP,1981,17,69,25,18
1084,"Find Far From A",EP,1997,3,22,7,12
1085,"Beautiful Poison Of Dead Prayer To The",LP,2006,10,34,5,33
1086,"The Young Head A",LP,1971,14,18,22,1
1087,"Grey Gum Into Condemned Grave To A",LP,1990,11,27,18,19
1088,"Misfortune Light",EP,1988,5,85,24,26
1089,"Attractive Fake",EP,1973,4,77,24,4
1090,"High Identity",SP,2009,1,106,7,30
1091,"Beach In Nuclear Leader For Bold Luck",DLP,2007,28,69,2,17
1092,"A Beautiful Rake",SP,1974,1,20,22,6
1093,"Choke Near Void Pantalons To",SP,2018,1,20,4,29
1094,"Murder",DLP,1984,19,42,24,14
1095,"For Saint Campfire Over A The",DLP,2010,25,106,9,8
1096,"P.I.C.T.U.R.E.",EP,1979,3,27,15,25
1097,"To Beautiful Plague To Give High...",EP,2013,2,109,13,11
1098,"F.O.R.T.R.E.S.S.",LP,2014,9,58,20,21
1099,"Devil",LP,1993,7,36,8,2
1100,"Faint Miss A The",TLP,1992,46,44,6,19
1101,"Yellow Right Far From Grey",TLP,1986,36,27,9,12
1102,"Laboratory",SP,1970,1,90,24,18
1103,"Bloody King And Grey Noise",TLP,1990,39,60,2,21
1104,"The Safe Epic A Young Mind Under",TLP,2011,45,77,13,2
1105,"Charged Satana And A The",TLP,1980,34,16,7,5
1106,"Ship",SP,2011,1,56,23,24
1107,"Give To Pull The",DLP,2015,33,71,17,7
1108,"H.E.A.V.E.N.",DLP,2020,26,58,22,17
1109,"Paranoic Fence The Papyrus A A",TLP,2015,41,77,15,5
1110,"O.N.E.",DLP,1984,25,14,9,29
1111,"Alone Trinagle Over Slow",TLP,1981,38,65,20,12
1112,"And Little Shirt The Amazing Pantalons To",SP,2012,1,113,21,20
1113,"Void Pie",SP,1979,1,91,14,8
1114,"Faint Picture The Firebringer Amazing Shirt",TLP,1997,36,86,24,26
1115,"Thaum",LP,1976,8,7,25,13
1116,"The Pain A",EP,1972,5,104,15,24
1117,"Firewalk On Blind Fantom",EP,1971,6,63,20,32
1118,"To Young Heaven On The",TLP,1980,39,82,1,23
1119,"Man Around Fast Poison To",TLP,2004,47,74,20,10
1120,"Angel",SP,2010,1,25,7,10
1121,"The Star Wheat Leaf",TLP,1976,36,108,16,15
1122,"Leader The Rude Cup Of",EP,2001,5,41,17,18
1123,"Bill A Fast Nose",LP,1975,8,28,25,28
1124,"Over Loud Right A Wild",TLP,1973,36,83,4,25
1125,"Body",DLP,2002,20,5,24,26
1126,"A Bill Possessed Cane To",SP,2003,1,71,10,14
1127,"Lord",EP,2003,4,57,25,23
1128,"Under Shy Gun",SP,1981,1,20,9,29
1129,"Of A Rope A Void Reason And",SP,1982,1,3,18,18
1130,"A Fury Great",LP,1987,12,107,2,19
1131,"To Pig The Blind",EP,1996,5,105,8,5
1132,"Prayer On Brown",EP,2013,6,39,24,32
1133,"I.D.E.N.T.I.T.Y.",LP,1982,12,28,14,24
1134,"Shy Young",DLP,2008,16,97,6,14
1135,"Beach",SP,2006,1,79,4,7
1136,"A Rude Wheel The Lord Big Tupe",SP,2018,1,16,10,11
1137,"Little Blood",DLP,2007,17,1,17,6
1138,"For A Blood Nasty Pit In A",EP,2007,5,34,8,5
1139,"Quality",EP,1997,4,18,2,4
1140,"A Sunny Noise A Slow",DLP,1980,26,6,13,26
1141,"Fast Noise To",TLP,2018,37,27,12,24
1142,"A Light The Faith Confined Hell",SP,2014,1,71,19,21
1143,"The Broken Quad",DLP,1979,25,29,17,10
1144,"Of Fast Food Around",LP,1994,7,88,10,6
1145,"A Love Saint Fire A Devil A",SP,1973,1,30,23,26
1146,"C.H.U.R.C.H.",EP,2017,4,89,8,24
1147,"Of Powerful Identity To Hard",LP,2003,14,70,11,24
1148,"Young Potato",EP,2011,2,40,3,23
1149,"The Prayer A Firebringer Big",DLP,2015,23,73,11,10
1150,"Q.U.A.D.",LP,1989,14,61,3,27
1151,"Deer",LP,2003,8,63,3,31
1152,"Funeral Around Fury Gum And",TLP,2012,46,4,23,19
1153,"A Blind Brain A Bear The",EP,1978,3,88,16,4
1154,"Possessed Lie",EP,2002,2,22,23,6
1155,"Hollow Patrol",TLP,2015,39,35,16,12
1156,"To Strong Dope",DLP,2020,18,11,15,1
1157,"N.O.S.E.",DLP,2003,31,41,4,23
1158,"Spice The Suicide A",SP,1994,1,30,5,27
1159,"Over Tasty Intelligence",LP,2008,7,102,2,9
1160,"Around Far Fortress",EP,1986,6,78,13,6
1161,"Stimulated Tongue A Lie The",LP,1979,7,43,8,15
1162,"Fury To The",LP,2004,10,57,6,11
1163,"To Dead Magician In",LP,2008,12,94,5,16
1164,"Under White Coffee Of The",LP,1972,11,101,14,19
1165,"Safe Justice",SP,1982,1,79,8,28
1166,"Misfortune Worm",EP,1979,4,7,21,23
1167,"P.O.K.E.M.O.N.",TLP,1973,44,37,17,26
1168,"Spooky Ear",LP,1991,12,15,1,16
1169,"Bear",LP,2017,13,35,23,25
1170,"Feel On The Condemned Battle",TLP,1982,50,69,18,8
1171,"The Call The Young World A",EP,1990,4,49,12,8
1172,"Feel To Tasty Rain",DLP,2018,20,98,15,32
1173,"Near Light Choke Into A",LP,1998,11,65,13,23
1174,"Short Raid The Young",TLP,1988,47,109,10,32
1175,"M.A.N.",LP,1979,10,63,15,10
1176,"Under Blind Zoo To Cup Awaken",LP,1984,10,78,18,19
1177,"Bad Funeral",EP,2008,2,54,7,1
1178,"H.U.M.A.N.",TLP,1975,41,61,11,1
1179,"Sunny Grave For",EP,1993,4,108,3,5
1180,"Of Sunny Firebringer Into The Miss Amazing",LP,1973,11,105,14,31
1181,"In Small Hippster",TLP,1996,47,53,24,26
1182,"To Young Exhausted A Fantom Dead",TLP,1998,35,99,6,15
1183,"Fire",EP,1980,2,54,23,31
1184,"Of The Shadow A",EP,2012,6,51,24,23
1185,"Young Annihilator",SP,2010,1,12,6,10
1186,"Quad",DLP,1992,29,107,6,4
1187,"S.I.L.E.N.C.E.",EP,1985,4,56,6,19
1188,"To Blind Fence A Name A Great",DLP,2020,17,11,4,19
1189,"Mad Suicide The Near",TLP,1999,40,1,25,17
1190,"Attractive Angel",DLP,2020,17,59,3,32
1191,"Sunny Annihilator A Pink Lamp To White",DLP,2016,16,62,21,3
1192,"Hard Book To Mad",SP,1983,1,98,14,13
1193,"Immortalized Exhausted",SP,1979,1,52,1,24
1194,"Far From A Home Poor Suicide In The",SP,1988,1,69,24,11
1195,"Light Peace",EP,2000,6,11,10,29
1196,"Cane",TLP,1992,45,94,2,31
1197,"Near Fortress",DLP,1981,18,27,9,30
1198,"To Pokemon The Plug The Faint",SP,2013,1,98,22,27
1199,"S.W.E.A.T.E.R.",EP,1998,4,73,8,32
1200,"M.I.S.T.E.R.",EP,1975,6,71,3,1
1201,"Broken Epic Far From",TLP,1992,41,47,19,30
1202,"Hippster",SP,2019,1,49,4,21
1203,"Hat",EP,1983,2,89,6,25
1204,"To Ray Worm",SP,1976,1,110,22,23
1205,"Median",LP,1997,10,78,11,1
1206,"Over The Pink Coffee Over Light",DLP,1974,30,58,22,3
1207,"Money",SP,2012,1,68,18,20
1208,"Young Money",TLP,2018,38,3,8,15
1209,"Median",TLP,2015,48,101,20,22
1210,"Cane",EP,1984,5,31,21,19
1211,"The Space Sunny Sex For Charged Blood",EP,1973,6,67,1,28
1212,"B.L.A.M.E.",LP,1992,13,57,21,24
1213,"Silence",EP,1982,6,32,12,31
1214,"Shy Rope",LP,1992,8,69,11,12
1215,"Around The Bad Poison",SP,2013,1,79,10,12
1216,"On Armoured Zoo To Kill The",TLP,1988,35,48,18,11
1217,"Into The Excellent Word A",TLP,1995,49,75,4,5
1218,"Fear And A Loaded Campfire Over Tasty",TLP,1997,41,64,24,25
1219,"Over Paranoic Poison",EP,1985,3,74,13,17
1220,"The Shoot A Black Ship",SP,2000,1,55,17,1
1221,"To Blaze The Star A",SP,1976,1,3,8,23
1222,"Noise To Ray Intelligence",DLP,1998,22,22,1,3
1223,"To Glass Great Hill",EP,1986,3,111,4,23
1224,"The Thaum Hard",SP,1973,1,63,4,10
1225,"Word",DLP,1980,18,39,19,7
1226,"Word",LP,2001,11,64,8,1
1227,"Busy Papyrus Over A Tall",LP,2011,11,1,7,24
1228,"B.O.W.",SP,1975,1,50,23,27
1229,"To Dark Plug",TLP,1972,43,83,9,21
1230,"To Void Guy",EP,1981,2,108,14,33
1231,"W.H.E.E.L.",EP,1975,3,70,18,10
1232,"C.A.K.E.",DLP,2007,19,27,21,1
1233,"Noise In The Worm A Rock The",EP,1998,5,58,15,27
1234,"Wheat Shit",DLP,1972,15,71,12,24
1235,"S.U.I.C.I.D.E.",TLP,1978,49,86,9,2
1236,"Around A Ear Misfortune Union",SP,2018,1,89,13,23
1237,"Long Sex For Immortalized Police Of",DLP,2007,23,107,16,26
1238,"A Fight The Wheat",DLP,1985,16,104,20,26
1239,"C.O.C.A.I.N.E.",LP,2019,12,69,16,14
1240,"Of Safe Pig Near",SP,1970,1,25,17,21
1241,"To Pont A Worm Misfortune Witch The",SP,1971,1,21,22,19
1242,"Choose To A",LP,2019,11,107,2,25
1243,"The Be Big",LP,1974,12,90,16,18
1244,"To Shadow The Shy Time Far From",SP,2006,1,71,18,22
1245,"To Cup Bloody Question Into",LP,2011,7,58,21,10
1246,"G.O.D.",SP,1972,1,64,19,32
1247,"To Love A Convicted Book To",TLP,1988,41,10,5,31
1248,"Saint Tree",LP,2005,13,101,8,2
1249,"Heaven",LP,1974,14,11,9,11
1250,"Attractive Luck",TLP,1985,47,57,15,22
1251,"Fall To Notice Strong Murder On",TLP,2008,42,31,8,15
1252,"Heavy Leaf",EP,1978,4,97,21,24
1253,"Spice Of The",SP,2011,1,28,12,1
1254,"A Fear Stimulated Ping On Powerful",EP,1998,3,59,21,26
1255,"Latte",DLP,1980,22,16,24,19
1256,"Awaken Blame",DLP,2007,33,49,12,8
1257,"UYfojqyD",TLP,1990,49,79,22,20
1258,"A Dark Blaze Under",DLP,1997,33,28,14,20
1259,"R.O.O.T.",DLP,1982,17,101,17,27
1260,"Ground Over Poor Moon Far From Bold",LP,1978,10,20,4,16
1261,"Black Leader",EP,1974,6,99,16,31
1262,"Around The Great Murder Into The The",EP,1992,3,106,21,16
1263,"Worm",EP,1986,6,2,13,17
1264,"R.I.G.H.T.",DLP,2014,29,78,5,1
1265,"Of Armoured Playboy Of Strong Hair",TLP,2003,44,44,9,6
1266,"H.I.P.P.S.T.E.R.",SP,1979,1,2,25,25
1267,"To Fast Season",TLP,1982,42,51,11,32
1268,"A Word A Devil Red",SP,2014,1,85,20,9
1269,"Peace And The Void Tear For Jealous",EP,2015,6,45,19,3
1270,"A Watch Loud Scroll",SP,2006,1,105,22,3
1271,"L.A.T.T.E.",LP,1996,8,97,3,8
1272,"P.A.T.R.O.L.",DLP,1975,17,38,12,15
1273,"Magician",EP,1984,6,27,24,24
1274,"Powerful Porn",EP,1991,2,58,18,18
1275,"Foolish Fortress The Nuclear",DLP,1978,21,89,19,15
1276,"Fast Food",DLP,1994,25,73,12,3
1277,"Broken Devil Under A Long Spice",TLP,1976,39,19,13,33
1278,"Paranoic Dope Around The Moon The Spooky",DLP,2020,24,42,5,23
1279,"Small Intro",SP,1980,1,25,9,30
1280,"And A Convicted",EP,2001,4,71,19,10
1281,"To Awaken Blaze The Spooky",TLP,2011,45,78,17,2
1282,"To Void Plague A Fury",TLP,1990,44,38,17,18
1283,"A Play A",DLP,1981,15,56,21,32
1284,"Mind In The Brave Blood",SP,1995,1,109,18,14
1285,"Trinagle",SP,1999,1,50,1,13
1286,"Faint Fake",TLP,2000,36,101,12,14
1287,"To Fire A Body Satisfied One Near",EP,1998,6,53,11,23
1288,"The Black Hat",SP,2000,1,60,14,28
1289,"P.O.R.N.",LP,2017,7,85,12,1
1290,"F.A.I.T.H.",EP,1984,4,52,2,16
1291,"H.E.A.V.E.N.",SP,1997,1,99,9,4
1292,"For Lost School A Miss Wheat Leaf",LP,1974,12,108,24,13
1293,"S.E.A.S.O.N.",SP,1996,1,50,8,9
1294,"Guy A Deep Quality To Luck Dark",LP,1971,13,111,19,3
1295,"Red World Under",EP,1995,3,17,4,24
1296,"Coffee",SP,2018,1,38,19,24
1297,"Condemned Plague Into A",EP,2010,4,36,14,12
1298,"Hell A Ping Small Intro",EP,1982,2,45,21,15
1299,"Read Over The Blind Heaven A",DLP,2003,17,4,21,17
1300,"F.E.A.R.",EP,2016,4,97,4,3
1301,"Awaken Tupe",EP,1997,6,25,4,21
1302,"Need Near Deep Witch A A",EP,1977,2,62,6,11
1303,"QnucqYR",DLP,2017,28,109,10,7
1304,"Play Into Loud Russia Near A Hard",SP,1998,1,7,10,16
1305,"A Fire The",SP,1975,1,83,16,29
1306,"Main Shadow",SP,2000,1,22,4,15
1307,"Mad Question",EP,1996,6,81,14,3
1308,"Dead Castle In Dark Tongue",LP,1981,13,69,23,4
1309,"Confined Mountain Far From Main Fake",DLP,2014,19,33,2,10
1310,"Nightmare",DLP,1974,31,72,24,13
1311,"Satisfied Cake The Brave",DLP,2013,23,11,4,29
1312,"Short Demon",SP,1978,1,1,15,31
1313,"N.I.G.H.T.M.A.R.E.",EP,2005,6,88,5,26
1314,"Die To Shoot A Amazing Shadow To",LP,1995,8,59,7,32
1315,"Under Hard Plague On Light Girl Around",EP,1993,3,71,1,16
1316,"A Shirt Heavy Spice Under",SP,2003,1,94,18,14
1317,"Light Blood",DLP,1977,19,40,9,20
1318,"Word",DLP,1984,26,43,15,20
1319,"Armoured Potato A Main Trinagle To",TLP,1994,43,90,9,6
1320,"Hell Of A",DLP,2002,27,13,10,9
1321,"Possessed Dope A Hard Calculator And A",DLP,1989,15,59,9,10
1322,"Hole The The",DLP,2005,24,28,2,26
1323,"GDQrMIF",SP,1986,1,59,8,27
1324,"The Give The",TLP,1971,38,69,1,27
1325,"Reason In The",SP,2006,1,56,6,1
1326,"King Far From Pink Mountain Around The",TLP,2000,46,26,18,5
1327,"Spooky Lie Of Sunny Deer Over The",SP,1980,1,73,21,17
1328,"The Home Tasty Gum For",DLP,1975,16,52,20,23
1329,"The Sweater The Scotch Brave",DLP,1990,22,70,13,23
1330,"One",LP,1983,9,4,23,18
1331,"Over Attractive Choke",LP,1976,11,62,8,1
1332,"Shirt A Powerful Crown To",TLP,1995,36,73,5,23
1333,"Brave Gun",LP,2009,10,85,23,31
1334,"Attractive Gun",TLP,1992,49,59,17,33
1335,"I.N.T.R.O.",EP,1973,6,19,10,23
1336,"D.E.M.O.N.",SP,1982,1,65,10,25
1337,"Hat Around A Dead School",DLP,2004,28,90,5,14
1338,"P.L.A.G.U.E.",SP,1976,1,35,3,20
1339,"B.O.N.E.",TLP,1970,41,82,12,28
1340,"I.D.E.N.T.I.T.Y.",SP,1977,1,25,7,25
1341,"R.O.O.T.",SP,1993,1,89,22,1
1342,"The Hide The A",SP,1988,1,68,21,10
1343,"L.I.O.N.",EP,1970,6,65,19,28
1344,"Ray Ground The",EP,1991,3,103,12,3
1345,"Pit",DLP,2000,33,24,2,2
1346,"Firewalk Around A A",TLP,1998,37,74,19,3
1347,"P.I.T.",DLP,2007,23,93,21,19
1348,"The Brave Gun The Pantalons A Condemned",LP,1977,13,74,5,32
1349,"A Bill Misfortune Human The A",SP,1995,1,112,22,32
1350,"Near Confined Miss And Tall Church The",DLP,1982,32,61,25,21
1351,"Deep Rope A The",TLP,1995,43,24,6,28
1352,"Awake Into A Powerful",DLP,2004,29,1,23,9
1353,"Pepper",SP,1990,1,26,14,25
1354,"Book",TLP,1979,40,44,10,6
1355,"To Spooky Fear",DLP,2017,25,4,5,10
1356,"For The Rock Bloody Storm The...",SP,1984,1,52,10,29
1357,"Push To One The Forest Faint Ocean",TLP,1973,50,76,7,24
1358,"Pig",SP,2005,1,58,13,21
1359,"Around Mad Plague To Picture The",LP,1972,13,112,6,14
1360,"On Tasty Reason Of",DLP,1986,26,93,8,8
1361,"To Wild Voice A Arrow Immortalized Castle",SP,2002,1,47,3,24
1362,"Head In The Epic A The",EP,2008,3,90,11,27
1363,"And A Black Deer",SP,2017,1,78,14,4
1364,"Hide Of Hard Angel Near",SP,1995,1,55,14,10
1365,"To Excellent Mountain A",SP,1975,1,28,22,30
1366,"R.O.B.O.T.",EP,2000,4,112,22,26
1367,"Coffee",TLP,2001,44,56,24,8
1368,"Tea",DLP,1974,18,64,9,19
1369,"Saint Hole Of",EP,2003,6,67,11,19
1370,"To Pig The Weak Venom Near",SP,2007,1,78,12,29
1371,"Shy Warrior The Small Clarity Of",EP,1987,2,25,22,10
1372,"Brain The Safe Firebringer For Big Worm",LP,2008,10,54,2,24
1373,"To Lost Scroll To Wild Rest Into",TLP,1974,42,90,9,8
1374,"Firewalk",DLP,2016,25,25,11,6
1375,"Misfortune Valley",TLP,2005,45,112,13,15
1376,"Nasty Wheel Over Convicted Pill The High",SP,1981,1,41,12,4
1377,"Pain In The A",TLP,2015,50,92,9,15
1378,"Beach",EP,1980,2,64,1,10
1379,"Around The Beach The Rope Wild Deer",EP,1988,6,44,23,20
1380,"See To The",DLP,1973,17,24,18,26
1381,"A Pink Voice Into Far Beer",EP,1992,5,40,1,21
1382,"A Fury Grave The Raid A",SP,2018,1,74,17,21
1383,"Jealous Nail To Campfire Big Median A",DLP,1978,31,107,9,10
1384,"Slice To Climb A Fortress Little",DLP,1996,24,26,17,30
1385,"T.E.A.",EP,1979,2,93,17,16
1386,"Bill",SP,2002,1,56,6,16
1387,"For Jealous Latte To",TLP,1991,37,110,18,8
1388,"A Head The A",EP,1973,3,102,13,3
1389,"Leaf Near Mad",LP,1996,12,97,5,12
1390,"The Fall A Forest Bad Venom And",EP,1991,3,56,16,10
1391,"Man On Blind Glass Around",SP,1985,1,110,24,33
1392,"Cocaine Over The",EP,1999,5,79,3,24
1393,"Wasted Hill The",DLP,1998,27,62,3,33
1394,"To Witch The Amazing",LP,2013,9,27,9,25
1395,"Sunny Star",DLP,2006,24,3,3,22
1396,"Alone Prayer The Coffee Tasty Church The",TLP,2017,49,97,23,9
1397,"A Slice The",TLP,2005,50,109,20,21
1398,"The Brain The Nose The",SP,2014,1,54,5,12
1399,"Short Russia",LP,1979,8,99,18,21
1400,"Witch",TLP,1992,46,69,18,2
1401,"To Void Poison A Immortalized Tongue",EP,2009,3,98,17,21
1402,"G.O.D.",EP,2009,5,90,18,18
1403,"Cosmos Around High Worm Around White Dope",EP,1992,4,22,19,23
1404,"Tasty Picture To",TLP,1991,42,70,10,9
1405,"P.I.C.T.U.R.E.",DLP,2013,25,72,25,14
1406,"In The Sex Mad Grave Around",EP,1979,4,113,24,11
1407,"To Satana Black Nail To Peace Short",DLP,1985,26,71,14,5
1408,"D.A.Y.",SP,2001,1,53,7,30
1409,"Tasty Castle To Pain Grey",TLP,2017,49,45,18,15
1410,"Deer The The",EP,1998,4,76,21,27
1411,"Season The A",LP,2004,12,45,17,29
1412,"To Amazing Deer",SP,2012,1,108,24,28
1413,"Gum A Fast Pig In Powerful Gum",SP,2017,1,63,25,11
1414,"To Quad Jealous",DLP,1989,32,1,15,21
1415,"P.O.K.E.M.O.N.",EP,2012,3,45,19,23
1416,"A Scotch A The",SP,2000,1,87,4,31
1417,"Of The Slow",SP,2007,1,12,22,2
1418,"Pill",LP,1981,7,4,10,2
1419,"Hair",EP,1991,6,90,24,10
1420,"Into Shy Home Under Wheat",DLP,1992,32,39,11,2
1421,"Shy Body For Ray Ear In",TLP,1989,37,107,7,23
1422,"Brave Storm To",SP,1994,1,39,13,30
1423,"Misfortune Peace",SP,1988,1,23,12,5
1424,"To Small Warrior",DLP,1990,32,1,23,10
1425,"Light Season Under",LP,1976,8,11,10,22
1426,"On The A",DLP,1996,16,63,23,19
1427,"D.E.E.R.",EP,1982,5,104,8,10
1428,"Cup A Pie A Plan Awaken",DLP,1972,31,33,14,5
1429,"Fast Battle The Wasted Latte",TLP,1991,39,93,14,30
1430,"Nose A Firebringer Jealous",LP,2017,11,69,21,1
1431,"Of The Rope A Miss The Bold",TLP,1974,38,71,10,16
1432,"To Main World",TLP,2020,46,83,17,24
1433,"A Wild Question A",DLP,2015,26,96,2,30
1434,"Shit Of The Poor Annihilator In",TLP,1995,46,33,12,6
1435,"A Suicide Green",EP,2014,4,73,20,31
1436,"Under The Plug A",EP,1972,4,22,25,17
1437,"Poor Arrow",LP,1986,12,59,21,26
1438,"Fury Shadow",EP,2013,6,45,21,19
1439,"Into Saint Pill For A",TLP,2020,40,34,11,21
1440,"Bloody Love",TLP,2020,41,21,8,23
1441,"To Dumb Peace",TLP,2014,48,87,15,30
1442,"Deer Of Void Arrow Near Little Love",SP,2005,1,46,16,4
1443,"I.N.F.O.R.M.A.T.I.O.N.",TLP,1970,46,88,20,23
1444,"Light Of A Nasty Picture",SP,2009,1,44,5,30
1445,"Faith",LP,1986,14,2,1,26
1446,"In A Loud Rope To Confined Light",SP,1984,1,13,15,15
1447,"On The Ping A Pepper A",LP,1982,10,23,4,2
1448,"To Dog Convicted Guy",TLP,1984,39,63,11,5
1449,"Brain To The",SP,1996,1,71,16,9
1450,"Papyrus Of The Funeral A A",DLP,2006,32,28,7,11
1451,"Small One The A",TLP,1991,49,76,15,17
1452,"Hard Dog Over Rude Rope",EP,2019,2,66,17,13
1453,"Of Loud Bear On Misfortune Day",DLP,2005,25,20,17,13
1454,"Call In The Light Bone",LP,1974,9,96,7,23
1455,"A Playboy Nasty Ping A",EP,1995,6,55,20,23
1456,"Need In The",TLP,2002,39,54,14,2
1457,"The Weak Bear",SP,2016,1,104,3,29
1458,"Ray Beer",LP,1991,7,69,8,1
1459,"Pont For Nasty Ground Into",EP,2003,4,34,21,25
1460,"Sex A Heavy Mountain Far From A High",DLP,2006,25,49,10,1
1461,"Big Demon",TLP,1973,46,92,6,24
1462,"Love Under A",TLP,1985,39,39,13,21
1463,"Charged Pit A",SP,1990,1,86,21,4
1464,"Convicted Pain Under",TLP,1972,43,43,21,2
1465,"To Void Quad",SP,1994,1,87,20,11
1466,"Blood",TLP,1998,50,18,5,12
1467,"Alone Right",LP,1991,12,10,9,32
1468,"Into The Mister The Saint",SP,2017,1,86,22,5
1469,"Show In A Main Food",SP,1990,1,81,23,26
1470,"Bad Forest",SP,1998,1,10,20,14
1471,"Bloody Rope",EP,2017,3,78,4,17
1472,"Cocaine",EP,2008,2,37,8,21
1473,"Human",SP,1984,1,65,12,19
1474,"To Young Ship On The Safe",TLP,2006,43,88,8,12
1475,"Blind Space",LP,1999,11,13,10,29
1476,"Tasty Picture To Ride Little Intro On",TLP,1993,42,108,5,27
1477,"Robot Into Sunny Papyrus On",EP,1980,3,105,10,32
1478,"Faint Worm",DLP,1975,32,83,23,19
1479,"Awaken Ping",DLP,1990,33,36,21,13
1480,"Be Over A Dumb One A Black",EP,1978,2,7,22,24
1481,"Far Latte To Attractive Nose Under",DLP,2008,31,15,2,33
1482,"Zoo A Young Cane A Little Papyrus",EP,1982,5,71,13,2
1483,"Yellow Trinagle",DLP,1991,25,81,10,6
1484,"The Think Big Beach Around Sunny",EP,1994,6,66,10,23
1485,"Hard Shirt Of A Plague Immortalized",DLP,2011,23,112,7,30
1486,"Ride To Notice Amazing Pill",EP,1978,2,12,2,7
1487,"Mountain",LP,2001,10,106,1,26
1488,"M.I.N.D.",SP,2002,1,17,9,8
1489,"Young Prayer In Heavy Picture",TLP,1973,48,91,22,7
1490,"Zoo",TLP,1984,48,68,9,12
1491,"To Deep Silence Around",DLP,1994,31,27,20,26
1492,"Notice On A Immortalized Mister Far From",EP,1986,6,16,17,11
1493,"Strong Book Under Spooky Forest...",DLP,2014,31,10,14,27
1494,"H.E.A.D.",EP,1974,5,105,19,11
1495,"To Convicted Spice Under Condemned",DLP,1988,15,39,1,16
1496,"A Spooky Tea In Powerful Dog The",DLP,2014,21,86,21,32
1497,"Into Wild Nose The Young Demon",LP,1981,10,101,23,20
1498,"Spice",DLP,1973,33,92,1,23
1499,"The Laboratory A Nasty Rest And The",LP,2000,12,71,1,1
1500,"Raid",SP,1992,1,13,19,20
1501,"Girl",DLP,1974,18,51,17,6
1502,"W.O.R.M.",LP,1989,12,75,2,4
1503,"Intro",TLP,2007,40,16,1,14
1504,"Wasted Laboratory To Ride The",SP,1978,1,66,8,21
1505,"Far Blaze",EP,1971,4,24,3,15
1506,"S.W.E.A.T.E.R.",SP,2020,1,2,23,18
1507,"The Ship The Wild Battle",TLP,1979,36,33,5,5
1508,"Short Shirt The Little Body Over The",SP,2019,1,43,1,3
1509,"Guy Of Dark Blood Around The Beautiful",LP,1977,11,11,10,13
1510,"Brown Rain Over A The",EP,1997,6,80,13,28
1511,"Hat",TLP,1971,44,56,6,29
1512,"In Paranoic Fence Over Grey Valley",EP,1989,2,62,7,15
1513,"To Mad Pit The Pink God",LP,2019,9,52,5,25
1514,"And Awaken Wall In Spooky",DLP,1975,24,106,10,23
1515,"Under A Arrow Confined Prayer To Safe",EP,1992,2,21,3,1
1516,"A Bloody Hair To Firewalk The The...",SP,1983,1,3,2,8
1517,"For Safe Electricity Over Convicted",LP,1992,12,107,8,14
1518,"Blood",EP,1971,6,65,4,6
1519,"Devil",EP,1988,6,16,21,33
1520,"Hard Plan",SP,2001,1,65,10,12
1521,"Ocean",TLP,1985,45,55,11,31
1522,"Immortalized Intelligence",DLP,1977,25,15,23,14
1523,"A Dead Patrol A Young Voice",SP,2016,1,42,7,22
1524,"To Quality Long Clarity A Misfortune",SP,2003,1,55,20,23
1525,"Pink Bow",DLP,2019,27,102,5,17
1526,"Pink Information",TLP,1999,38,87,8,28
1527,"T.I.M.E.",DLP,1991,30,23,25,30
1528,"Pink Latte",DLP,1995,16,25,19,24
1529,"Cake",EP,1995,3,30,11,29
1530,"C.A.S.T.L.E.",TLP,1994,43,78,8,30
1531,"Cup Under Armoured",EP,2018,5,62,8,11
1532,"Deep Bow",SP,2016,1,54,2,2
1533,"Deep Lie",SP,1994,1,38,20,8
1534,"Fortress A Beer A Tongue The Attractive",SP,1975,1,10,9,12
1535,"Stimulated Leader",SP,1997,1,38,19,20
1536,"Boot To The",SP,1987,1,111,24,10
1537,"To Brave Body Near",SP,1989,1,108,23,9
1538,"H.A.I.R.",SP,2001,1,14,22,8
1539,"T.I.M.E.",EP,2001,2,24,17,33
1540,"To Pink Pokemon",LP,1994,13,12,18,18
1541,"The Pull Confined Choke The Main",SP,1984,1,108,24,15
1542,"Main World Near A Long",SP,1990,1,12,18,6
1543,"Luck The A",LP,1984,11,113,2,32
1544,"A Lose Broken",TLP,2008,46,104,15,13
1545,"Near A Bold Human And The",LP,1987,12,28,22,18
1546,"Rain The Ear The Dumb Brain",EP,1983,6,24,23,12
1547,"To Food A Rude Calculator In",TLP,1979,35,21,22,29
1548,"Brown Prayer A Misfortune Grave",EP,2014,3,44,7,5
1549,"Pull Of White Beast Of",EP,2005,2,86,4,20
1550,"Convicted Witch A Reason The A",TLP,1996,35,91,12,25
1551,"A.N.N.I.H.I.L.A.T.O.R.",TLP,1980,38,9,3,9
1552,"Nasty Nail",DLP,2006,22,88,2,31
1553,"Listen On A",EP,2006,6,88,3,5
1554,"The Search Faint",TLP,1980,38,55,22,17
1555,"H.A.I.R.",SP,2016,1,95,24,27
1556,"Beautiful Fortress",EP,1974,4,100,8,24
1557,"Need For A Hollow Clarity For Paranoic",TLP,1975,39,84,21,21
1558,"Witchcult",TLP,1977,43,69,24,24
1559,"Prayer",TLP,2013,45,17,22,25
1560,"Pink Ocean Over Fury Blaze",TLP,2001,36,48,18,20
1561,"Mind Far From Armoured Monkey To Possessed",EP,1982,2,21,5,32
1562,"To Prayer Mad Robot Over A",TLP,1991,48,75,3,29
1563,"Grave",SP,2007,1,82,17,27
1564,"White Heaven And Loaded Plague And",TLP,2014,41,54,19,2
1565,"Sex",EP,1998,6,99,16,12
1566,"Broken Shit Far From",DLP,2000,22,102,10,15
1567,"Brown Nose",SP,1995,1,19,25,9
1568,"Nail",LP,2009,12,113,5,15
1569,"Convicted Satana And Heavy Deer Of Foolish",SP,1990,1,85,25,4
1570,"Pain",EP,2011,2,113,14,6
1571,"C.O.F.F.E.E.",LP,1978,13,24,2,18
1572,"V.E.N.O.M.",DLP,1993,22,89,24,23
1573,"Blood To Pay Deep",EP,2010,2,66,9,32
1574,"A Castle A Powerful Pig",DLP,2011,20,27,22,30
1575,"A Wasted Eye Over",LP,1974,14,27,22,8
1576,"Hole",SP,2005,1,109,6,21
1577,"Give Under Rude Day Over The A",EP,1996,6,91,10,1
1578,"C.U.P.",TLP,1984,41,100,19,7
1579,"R.U.S.S.I.A.",LP,1990,11,62,17,7
1580,"Of Stimulated Noise",LP,1994,13,23,1,30
1581,"Green Question",SP,2010,1,107,15,14
1582,"Love To Short Nightmare To Luck Immortalized",TLP,1973,37,78,23,21
1583,"Star Under A Foolish Zoo",TLP,2016,39,37,2,19
1584,"P.A.T.H.",EP,2015,4,89,21,1
1585,"The Lion The",TLP,2012,39,11,25,14
1586,"Question Into Young Calculator The Charged Fortress",LP,2003,12,46,9,18
1587,"Hair",EP,1978,2,9,10,17
1588,"Tupe",DLP,1975,22,58,19,18
1589,"To Wasted Coffee To The",LP,1990,12,43,10,31
1590,"Far From The Heaven The Witchcult A A",LP,1976,8,53,4,11
1591,"A Poor Patrol And Black",SP,2000,1,97,10,14
1592,"Brain Of The The",DLP,1987,28,50,13,11
1593,"Heaven",SP,1996,1,94,2,33
1594,"Big Funeral To School Slow",DLP,2014,23,63,12,9
1595,"Ride Into A Will Charged Path",SP,1995,1,26,7,7
1596,"To Immortalized Intro",LP,1975,7,97,18,27
1597,"Yellow Satana",TLP,2008,48,13,18,29
1598,"F.O.R.T.R.E.S.S.",TLP,2015,34,57,11,13
1599,"Over Faint Sweater Over Young",TLP,2019,47,81,19,6
1600,"Far From Fury Plague A Nasty School The",TLP,2013,48,80,8,28
1601,"Forgive To Cosmos The Warrior Short Hill",LP,1971,7,47,17,28
1602,"Plague",LP,2017,11,44,21,12
1603,"Immortalized Sex",SP,1994,1,23,5,27
1604,"To Pepper Foolish Pit",EP,2007,5,9,22,5
1605,"Little Leader",EP,1987,2,18,22,21
1606,"Intelligence To The",TLP,1983,38,112,5,32
1607,"Misfortune Gum On The",SP,2002,1,40,20,26
1608,"Far From The Papyrus Busy",EP,1971,3,24,2,25
1609,"T.H.A.U.M.",EP,2004,2,30,17,12
1610,"To Light Russia In The A",SP,1984,1,53,17,23
1611,"Grey Dope A High Clarity A",TLP,2007,38,103,12,32
1612,"The Search The The",SP,1999,1,5,22,4
1613,"Near A Book The The",TLP,1970,50,44,14,9
1614,"Witchcult A Immortalized Dope",LP,1997,8,47,21,10
1615,"Love To Scroll Foolish Noise",TLP,1980,44,62,16,21
1616,"Light Clarity",EP,2017,5,29,5,2
1617,"To Pit Immortalized Shit Far From Bloody Epic",DLP,2009,20,50,2,16
1618,"The Young Pokemon",LP,1997,13,83,12,29
1619,"Prayer Of A Cup Far Shadow",SP,1990,1,53,15,14
1620,"And A The",EP,1994,2,25,17,25
1621,"The Shine The",EP,2018,2,24,4,11
1622,"Russia",DLP,1979,15,98,2,18
1623,"Tupe For Bloody Eye A Wall Satisfied",LP,1970,12,86,12,31
1624,"Blood To Give Bold Bear",SP,1976,1,98,25,25
1625,"Find To Fury Little Quad The",LP,2012,9,48,7,16
1626,"To Information Bad Hill",SP,2014,1,39,7,14
1627,"Coffee The Young Tupe And",LP,1970,8,34,3,6
1628,"Bear",EP,2007,4,89,12,4
1629,"Big Union Over Wheat Plan Near Ray",TLP,2005,39,19,2,14
1630,"Firebringer",DLP,2008,29,1,17,29
1631,"Beast",SP,1979,1,3,19,16
1632,"M.O.O.N.",EP,1978,3,30,18,10
1633,"R.O.P.E.",TLP,1972,35,31,20,10
1634,"Tree To Slow Love",SP,1972,1,2,13,14
1635,"Tasty Heaven",DLP,2003,21,70,14,19
1636,"For A Sunny Prayer To",EP,1982,4,89,2,9
1637,"Plan And Misfortune Monkey The Green",LP,1994,11,14,6,18
1638,"A Fall Ray Park Under The",TLP,2009,49,36,19,18
1639,"Into Awaken Lion For The Castle Bloody",EP,1980,2,66,21,4
1640,"Food",LP,1972,11,30,21,30
1641,"Peace",SP,1990,1,48,10,23
1642,"Strong Bow Around A Wasted Human",EP,1982,4,49,19,21
1643,"Foolish Tongue",LP,2011,7,104,7,30
1644,"The Sex The Forest The Powerful Picture",DLP,1972,22,32,7,8
1645,"Sunny Tongue Into Armoured Pepper",SP,2019,1,47,7,32
1646,"Near Rope",SP,2010,1,71,15,25
1647,"Blaze",EP,1977,6,75,7,28
1648,"M.O.N.E.Y.",LP,1994,10,29,24,24
1649,"Immortalized Fence A Fury Pit A Jealous",TLP,1975,40,14,8,31
1650,"Over Small Man",SP,1988,1,50,10,24
1651,"A Tongue Wild Moon To Main",TLP,1980,44,46,6,16
1652,"To Information Tall Blame A",DLP,1977,29,79,21,11
1653,"L.E.A.D.E.R.",DLP,2008,26,104,5,12
1654,"F.E.A.R.",TLP,1984,39,6,25,27
1655,"Near Dog Of A",TLP,1983,45,10,21,16
1656,"Dog",DLP,1995,17,109,23,12
1657,"On Tasty Plague",SP,2019,1,58,1,22
1658,"Brave Battle To Tea The Mad Spice",SP,2004,1,102,9,33
1659,"Young Police",LP,2003,14,77,25,6
1660,"Mister",EP,1972,2,53,16,3
1661,"Big Magician",DLP,2015,33,81,24,25
1662,"Ray Witchcult",EP,1980,4,85,4,24
1663,"To Misfortune Book To Convicted Lion In",TLP,1978,49,96,15,7
1664,"For A Short Papyrus",DLP,1990,16,9,3,28
1665,"A Body Misfortune Ship",TLP,1980,41,88,6,8
1666,"H.A.T.",TLP,1987,39,80,12,22
1667,"Peace",SP,1991,1,15,17,27
1668,"Pink Clarity For",SP,1987,1,56,22,22
1669,"A Faint Pokemon To Dog Broken Heaven",DLP,1994,26,110,7,23
1670,"To Stimulated Gum To Hell The",LP,2002,14,83,2,12
1671,"Busy Fence Over A",SP,2020,1,16,3,25
1672,"Ring To Long",DLP,1984,31,18,19,13
1673,"Picture",SP,1995,1,90,22,16
1674,"Wall",DLP,1975,22,4,15,3
1675,"C.A.N.E.",EP,2010,6,62,22,17
1676,"C.R.O.W.N.",EP,1983,4,66,8,1
1677,"Poor Money",DLP,2001,22,16,13,9
1678,"Under Mad Tupe A A",SP,1997,1,8,7,28
1679,"The Word Hollow Crown Around Young Park",LP,1998,9,55,1,10
1680,"Boot To Fight Nuclear Pokemon",LP,1983,10,2,21,15
1681,"I.N.T.R.O.",SP,2012,1,87,6,30
1682,"Far From The Near Root Around",LP,2010,7,7,13,2
1683,"One",EP,2008,3,14,3,24
1684,"Calculator To Suicide Saint Fortress",EP,2017,2,63,12,2
1685,"The Nail Short Playboy To Pit A",TLP,2001,42,16,20,23
1686,"Day To Pantalons A Saint Clarity",LP,2018,10,41,15,12
1687,"To Yellow Lord",LP,1985,8,67,7,3
1688,"Far From Alone Zoo The Alone",DLP,2002,18,12,5,33
1689,"Near The Main Pepper",LP,1995,13,49,22,17
1690,"A Shine A Picture Long Right Into",LP,1974,7,112,1,21
1691,"Bow",TLP,1973,50,25,1,17
1692,"E.Y.E.",SP,1972,1,69,21,2
1693,"Convicted Firebringer The Dead Russia A",DLP,1993,26,26,4,10
1694,"Into A Hollow Ground Of Tasty",SP,2003,1,36,20,13
1695,"The Ray Time A Poison The",TLP,1974,43,96,16,8
1696,"Enjoy Over The",EP,1973,5,46,3,16
1697,"To Poor Rock",EP,1986,2,52,10,12
1698,"Around The Possessed Warrior And Light Fence",LP,2008,7,25,10,31
1699,"On Light Tree For A The",EP,1975,6,68,11,12
1700,"Pink Porn To The",LP,2004,10,24,9,23
1701,"Paranoic Hill Around A",TLP,1994,47,20,22,11
1702,"Long Hippster",EP,1974,6,35,24,14
1703,"Attractive Forest Far From The",LP,1992,8,59,14,31
1704,"Busy Wall A Leader Far Monkey",SP,1980,1,45,13,19
1705,"Word",LP,1986,8,16,1,14
1706,"Into Red Hair The Identity Misfortune",LP,1974,12,22,16,18
1707,"B.E.A.C.H.",SP,1996,1,96,1,21
1708,"The Right The Hole Dead Guy Far From",LP,2019,14,63,23,25
1709,"To Silence Stimulated Quad",LP,1976,10,56,3,30
1710,"Trinagle",TLP,1979,34,74,17,3
1711,"D.O.G.",TLP,1994,38,70,13,24
1712,"Tasty Forest",EP,2002,3,41,4,1
1713,"Dope",SP,1989,1,28,18,17
1714,"Bold Funeral",DLP,1978,18,35,6,25
1715,"Police",DLP,1984,19,44,1,17
1716,"To Angel Young Glass The",SP,1970,1,29,5,15
1717,"Near Union",SP,2002,1,10,25,33
1718,"To Annihilator Nasty Leader Of",EP,2008,4,83,16,17
1719,"In Young School Near A Green",DLP,1985,33,68,9,7
1720,"W.O.R.M.",DLP,1990,29,81,10,3
1721,"Far From The Ray Peace To",TLP,2015,50,24,19,25
1722,"Money",LP,1989,12,45,11,3
1723,"D.E.M.O.N.",TLP,2008,39,78,16,6
1724,"In The Big Intelligence",LP,1996,11,103,5,4
1725,"The Pink Forest",DLP,1993,16,91,16,26
1726,"Hat",SP,2001,1,57,3,31
1727,"Into A Hat Weak Tree The",SP,1973,1,10,24,6
1728,"And A Arrow The",LP,2003,14,47,22,28
1729,"Roof The Zoo The",TLP,1988,39,51,12,18
1730,"Satana A Glass Condemned Monkey A",SP,1999,1,85,17,6
1731,"Attractive Devil For A Little Quad",TLP,1984,48,12,12,6
1732,"Worm Far From A Nightmare Powerful Rock",TLP,1980,46,3,17,13
1733,"Satisfied Church",DLP,1991,28,56,3,9
1734,"Convicted Porn",EP,2015,5,19,2,19
1735,"Shine To A",SP,2001,1,75,24,32
1736,"Fire",EP,1976,6,109,12,7
1737,"The Climb The Foolish Fence To",TLP,1984,45,71,4,5
1738,"Of Possessed Angel Far From",DLP,1998,31,49,23,29
1739,"D.E.V.I.L.",TLP,2017,38,109,10,21
1740,"Powerful Union Over",EP,1985,5,92,2,20
1741,"To Plug Lost Police A Blind",TLP,2015,39,24,8,29
1742,"Under Yellow Ping The Awaken",SP,1986,1,98,20,12
1743,"A Fury The",LP,1980,9,90,17,7
1744,"To Space A Possessed Beast The Confined",LP,2019,10,36,4,3
1745,"Pie The Nasty Cup In Red Brain",SP,2018,1,111,16,12
1746,"Awaken Hill A Ground The Blind",DLP,1978,33,14,16,14
1747,"For Weak Tear",LP,2018,10,71,21,25
1748,"Weak Ping",TLP,2020,41,12,24,28
1749,"See To Picture Shy Rake The",LP,1988,10,43,10,29
1750,"Tongue",DLP,1993,21,91,5,22
1751,"G.U.M.",EP,1970,2,95,15,13
1752,"On Ray Reason Far From Grey",DLP,2010,19,62,1,4
1753,"Blame",DLP,1989,15,110,25,14
1754,"A Intro The A",TLP,1981,43,71,3,8
1755,"N.A.I.L.",DLP,1989,19,14,12,27
1756,"Lose To Be Stimulated Arrow",EP,1987,2,34,16,4
1757,"Faint Heaven",EP,2008,6,100,10,14
1758,"Bone",SP,1975,1,52,7,10
1759,"R.E.A.S.O.N.",LP,2012,10,39,10,21
1760,"Over Bad Leader The",EP,1978,6,8,16,30
1761,"The Food Condemned",LP,2011,14,35,13,1
1762,"Armoured Krim",SP,2010,1,61,15,19
1763,"Possessed Bear",SP,1972,1,45,18,5
1764,"Grey Shit Of A Money Wheat Angel",SP,2013,1,36,7,32
1765,"Fury Far From The Charged Quad Around Deep",TLP,1985,36,65,24,15
1766,"The Magician A Safe Mountain Near",EP,1989,2,87,21,16
1767,"Voice A Strong Union Into",EP,1979,2,55,19,20
1768,"S.T.O.R.M.",SP,1990,1,84,18,25
1769,"For Paranoic Voice Of A",LP,2010,10,94,21,5
1770,"Pie",EP,1998,4,64,12,15
1771,"Near The Young",DLP,1992,17,61,14,21
1772,"To Mister The Armoured Home The Main",SP,2012,1,105,22,17
1773,"A Kill White Electricity Near The Charged",EP,2002,3,97,5,1
1774,"For Green Right To A",TLP,1986,42,76,17,27
1775,"Over Green Money A Alone",EP,2018,3,26,12,7
1776,"Fear To Play The A",DLP,1990,25,92,25,2
1777,"Brown School Near",DLP,1983,20,86,8,17
1778,"I.D.E.N.T.I.T.Y.",TLP,1988,50,99,7,13
1779,"Sunny One Into Convicted Bow A",LP,1988,13,39,8,26
1780,"Suicide Far From Big",EP,1974,3,6,21,11
1781,"The Spooky Scotch A Powerful",TLP,2012,39,16,19,5
1782,"The Long Leader The Wild Blaze",TLP,2004,42,92,24,28
1783,"To Sunny Potato A Red",SP,1998,1,78,23,5
1784,"The Far Beast To",TLP,2005,41,48,4,14
1785,"Slow Choke",EP,1971,4,72,10,31
1786,"To Brain The God Strong Mind",LP,1970,9,30,6,2
1787,"To Green Man The Cup A",DLP,1977,22,67,18,7
1788,"R.O.O.T.",LP,1983,9,79,22,22
1789,"Around Loaded Electricity On Slow",TLP,1983,47,99,20,16
1790,"Funeral To Sunny Arrow A",LP,1978,7,82,22,25
1791,"The Choose Powerful",LP,2019,12,72,8,23
1792,"Sweater Under Yellow Rain A Paranoic Russia",EP,1976,2,31,4,6
1793,"Small Hole Of The Plague Wheat",SP,2008,1,11,18,27
1794,"To Brown Warrior Far From Near",LP,1972,13,59,17,7
1795,"Into The Campfire A",EP,2007,3,7,22,9
1796,"Saint Nose",SP,2004,1,39,14,26
1797,"Short Girl",DLP,1993,21,23,15,31
1798,"Into Blind Pokemon And Great",TLP,1972,47,83,12,32
1799,"To Little Annihilator To",EP,1970,5,111,7,18
1800,"S.C.O.T.C.H.",SP,2020,1,74,13,22
1801,"Brave Glass",SP,2001,1,21,13,11
1802,"M.O.N.K.E.Y.",TLP,2016,39,38,22,5
1803,"To Fast Suicide And Slow Church",DLP,1970,24,36,22,11
1804,"Choose For The Tasty Robot A Strong",EP,1978,6,87,14,8
1805,"Murder",SP,1984,1,93,6,8
1806,"Fear To Notice Ray Wheel",EP,1995,5,55,4,1
1807,"To Fast Beer A A",TLP,1985,44,53,23,23
1808,"Tear",TLP,1980,40,42,5,25
1809,"Busy Leader Around",EP,1983,3,17,2,2
1810,"Quad",DLP,2006,19,76,14,5
1811,"T.O.N.G.U.E.",TLP,1988,48,18,18,4
1812,"Calculator The Ping Beautiful Horror Around Black",DLP,1987,18,70,11,15
1813,"To Crown Saint Devil",TLP,2005,43,7,23,8
1814,"Pantalons A Rain A A",SP,1979,1,54,20,8
1815,"Cosmos A Tupe Grey World",SP,2001,1,76,8,20
1816,"K.R.I.M.",SP,1992,1,32,21,26
1817,"NjVGfaHresq",SP,2007,1,16,11,27
1818,"Young Fantom To Think Strong",SP,2010,1,60,8,9
1819,"To Wasted Murder The",DLP,1983,27,98,3,31
1820,"Quad Over Convicted Mountain",DLP,2002,25,42,1,18
1821,"In Strong Poison And",DLP,1990,29,85,4,24
1822,"Light For The Rude",EP,1994,3,85,16,8
1823,"Pull To Slow Tea Into Bad",LP,1996,7,5,22,30
1824,"Rope A Man Convicted Church",SP,1985,1,104,5,25
1825,"Day",DLP,1995,20,3,21,12
1826,"The Listen Dumb",LP,1981,8,3,23,17
1827,"B.I.L.L.",SP,2019,1,56,23,18
1828,"To High Porn",DLP,1974,26,92,1,32
1829,"Of Faint Suicide Near Fast Cosmos",DLP,1996,18,6,24,8
1830,"M.O.N.K.E.Y.",SP,1978,1,106,21,21
1831,"To Deer The Loaded Grave A",LP,2006,7,55,18,26
1832,"Red Warrior",TLP,1980,49,67,6,16
1833,"Into Convicted Cane For Charged Pill On",LP,1986,11,78,4,5
1834,"H.I.P.P.S.T.E.R.",LP,1982,13,38,1,21
1835,"Climb Around A Bad Head Near The",TLP,1989,41,59,21,1
1836,"Hard Girl",SP,1999,1,67,22,18
1837,"In Wasted Warrior The",LP,2020,10,22,11,32
1838,"Blaze",DLP,1990,30,112,6,25
1839,"The Dumb Pantalons A",LP,1980,8,84,9,9
1840,"S.C.R.O.L.L.",LP,1989,7,107,25,7
1841,"Misfortune Girl Far From The Funeral The Jealous",SP,2006,1,25,17,23
1842,"Main Gun",SP,1990,1,72,13,15
1843,"Pray Under Hard Valley",SP,2002,1,46,15,28
1844,"Under A Excellent Grave To Main",DLP,1988,22,104,13,5
1845,"Head",TLP,2012,42,61,1,28
1846,"A Notice The Lost Tea To Fast",SP,2008,1,101,20,9
1847,"Near Little Ship To A",EP,2019,6,10,6,9
1848,"S.H.A.D.O.W.",DLP,1997,20,40,13,5
1849,"Head",SP,1980,1,25,9,24
1850,"T.R.E.E.",SP,1999,1,96,17,25
1851,"Wheel Under The Brown",DLP,1990,29,64,9,19
1852,"The Mad Cane To Light The Far",EP,1990,3,54,6,7
1853,"Rest A Wheel The The",SP,2011,1,111,3,8
1854,"To Silence Bad Fake In",EP,2013,3,70,20,20
1855,"Nuclear Nail",LP,2018,14,8,3,22
1856,"Give To Need Immortalized Shit For",LP,1977,9,99,2,15
1857,"Blind Cosmos",SP,2012,1,100,12,5
1858,"Young Quad To Great Witchcult The",TLP,1997,37,95,13,31
1859,"To Quad Long Shit To",TLP,2010,48,40,21,11
1860,"To Pepper A",EP,2011,2,87,9,33
1861,"Brave Blood The Fortress The",DLP,1999,31,11,24,2
1862,"To Crown A Money A",LP,1981,13,112,22,10
1863,"To Tongue Small Mind",EP,2002,4,28,19,16
1864,"Wheat Beach",TLP,2010,45,1,10,27
1865,"Fantom",DLP,2013,22,69,17,22
1866,"L.A.T.T.E.",SP,2001,1,11,23,18
1867,"To One Convicted",LP,2020,13,94,10,17
1868,"Food",DLP,2004,30,58,15,7
1869,"Playboy A Pepper The",EP,2020,5,75,13,28
1870,"Near Wasted Raid In Wheat",DLP,1977,25,92,3,4
1871,"Great Playboy",TLP,1976,34,99,7,14
1872,"Short Venom Of The",SP,1996,1,102,3,8
1873,"Tear Near Amazing Rock",SP,1982,1,100,14,13
1874,"Pont Into Dead Rope",LP,1998,8,71,18,14
1875,"Around A Moon The Spooky",SP,1996,1,21,13,18
1876,"Jealous Tupe A Broken",SP,1979,1,113,2,15
1877,"And The Rock Spooky Dope The",LP,1992,7,28,1,32
1878,"Pink Ground Under Red Tongue A",SP,2008,1,96,23,4
1879,"The Wasted Suicide",TLP,2007,34,39,1,21
1880,"To Nasty Fantom Far From Young Question The",EP,1997,6,110,25,24
1881,"Pokemon To Nuclear Miss",DLP,2012,22,61,18,12
1882,"A Home A",TLP,1981,38,81,3,11
1883,"Dead Day",TLP,2006,35,107,19,22
1884,"Around Heavy Union The A",DLP,1999,27,17,5,25
1885,"Vote Around A Charged Hole",DLP,1979,26,67,23,13
1886,"Foolish Epic",LP,2000,8,102,19,12
1887,"Alive Over Strong Crown",EP,1970,2,58,5,8
1888,"J.U.S.T.I.C.E.",EP,1993,3,22,5,11
1889,"To Charged Tupe Near Tasty Storm A",SP,1978,1,25,12,26
1890,"D.O.P.E.",LP,1992,10,3,17,13
1891,"To Powerful World Into Wheat Storm",SP,2003,1,37,19,1
1892,"K.R.I.M.",TLP,1980,38,86,22,30
1893,"To Great Monkey Into Young Angel Around",DLP,2005,23,6,18,5
1894,"In The Justice The Day A",TLP,2006,43,66,22,28
1895,"Under Jealous Root A Firewalk The",SP,2003,1,33,2,29
1896,"For A Blood The A",DLP,2011,15,36,9,33
1897,"Find Far From Jealous Information On Busy Campfire",SP,1975,1,77,3,8
1898,"Alone Satana",LP,2011,7,40,9,9
1899,"V.E.N.O.M.",DLP,1994,30,60,9,8
1900,"Pull To Convicted Suicide In",LP,2013,8,36,5,21
1901,"R.O.P.E.",LP,2020,11,22,3,7
1902,"The Search A High Porn Of Slow",SP,1990,1,95,21,19
1903,"Notice To Russia The Wasted Fire",LP,2001,7,10,25,13
1904,"Red Trinagle",DLP,2003,27,3,10,29
1905,"Silence A Fast Fortress Of",EP,2004,6,17,14,7
1906,"Pont Far From Jealous Shirt Into The Armoured",SP,2013,1,46,13,22
1907,"Nasty Tea A",TLP,2009,47,13,7,23
1908,"Hole To Potato Fast",EP,1998,3,35,3,6
1909,"O.C.E.A.N.",TLP,1997,50,66,6,10
1910,"K.R.I.M.",SP,1988,1,20,19,3
1911,"Light Far From Hollow",LP,2013,11,92,13,21
1912,"To Fake A The",SP,2006,1,80,24,8
1913,"Slice To Charged Electricity A",SP,2002,1,46,21,21
1914,"Plague",LP,2000,12,80,9,23
1915,"S.I.L.E.N.C.E.",DLP,1994,28,102,20,12
1916,"G.L.A.S.S.",EP,1971,3,112,25,29
1917,"Young Will",SP,1984,1,70,24,11
1918,"Fury Reason",SP,2014,1,23,16,24
1919,"Fantom Under A",LP,1977,12,111,15,13
1920,"Young Crown",LP,2007,12,31,16,25
1921,"To Tupe A Prayer A Wall Nuclear",TLP,1970,48,83,3,23
1922,"Loud Hat",EP,2015,6,2,5,21
1923,"D.O.P.E.",LP,2001,8,93,4,9
1924,"Pantalons",SP,1997,1,2,20,27
1925,"To Fast Papyrus",LP,2020,12,71,3,22
1926,"The Fury A",LP,2019,14,62,18,23
1927,"Shoot And The Small God The Powerful",EP,1985,5,86,5,15
1928,"Forgive In Broken Angel To",EP,1985,4,36,2,17
1929,"To Noise A Battle A Void Picture",SP,2016,1,27,3,20
1930,"White Fire",EP,1985,2,4,3,32
1931,"Be In A Main Pig A",SP,1978,1,42,15,7
1932,"V.E.N.O.M.",TLP,1983,34,104,8,28
1933,"Attractive Name",TLP,1988,49,77,7,7
1934,"To Far Rain A Wasted Time Far From",DLP,1999,29,112,12,32
1935,"For Broken Pit",DLP,1975,16,1,15,2
1936,"Plan",SP,2010,1,61,14,15
1937,"Zoo",LP,2003,13,68,19,13
1938,"A Fear Yellow Young Of",DLP,1988,22,19,1,26
1939,"A Die The Spice Loud Potato Under",LP,2014,7,59,16,23
1940,"VXrOQodKOz",TLP,1974,50,51,9,18
1941,"P.O.K.E.M.O.N.",TLP,1993,45,10,8,20
1942,"A Confined Time A",TLP,2015,34,88,14,29
1943,"Of The Beer Hollow Luck",EP,1987,2,78,4,1
1944,"A Saint Electricity",TLP,2013,47,1,17,17
1945,"Tasty Angel Far From Spooky Tree",TLP,1971,35,94,20,25
1946,"For A Worm Attractive Hole In",LP,1982,10,47,22,32
1947,"Busy Pokemon",DLP,1990,28,113,22,22
1948,"Beast The Gum Awaken Worm Far From",TLP,1980,38,30,14,1
1949,"A Firebringer Tasty Time And Void Cocaine",LP,1982,13,109,23,28
1950,"Porn",EP,2015,3,20,18,13
1951,"G.I.R.L.",SP,2006,1,55,2,11
1952,"The Shine Satisfied",TLP,1985,39,83,13,25
1953,"To Fire Lost Lie To",LP,1986,11,104,11,33
1954,"The Lie A",LP,1977,9,48,9,2
1955,"A Faint Patrol",TLP,1977,43,43,21,17
1956,"Thaum Under The Convicted Food",EP,1987,6,9,24,21
1957,"Rope Under Grey",EP,2000,2,13,3,9
1958,"Powerful Park",LP,1987,9,91,3,14
1959,"Food",EP,1985,3,50,24,3
1960,"Grey Prayer",LP,1993,8,77,12,30
1961,"Small Suicide",LP,2012,13,10,4,20
1962,"Watch To Foolish Hat Near A The",TLP,1995,35,52,4,5
1963,"A Love Yellow Firebringer To The",EP,1987,2,81,17,21
1964,"On Slow Reason And A A",DLP,2001,15,37,4,25
1965,"Warrior Into A Witch Foolish",DLP,1973,32,29,13,29
1966,"To Ear A",TLP,2012,45,28,4,12
1967,"Of Ray Rock Far From Hard Choke",LP,1984,8,48,10,21
1968,"Find Into Pink Star The Pit The",LP,2008,13,74,14,22
1969,"Beat On A",LP,2003,11,103,3,13
1970,"O.C.E.A.N.",LP,1983,7,68,25,11
1971,"Near Forest",DLP,2001,29,73,7,33
1972,"Choose To Pont Green Krim The A",LP,1970,13,88,8,24
1973,"Deep Love Near Nuclear Pantalons To Safe",SP,2015,1,2,13,30
1974,"G.I.R.L.",LP,2007,7,73,4,13
1975,"Angel",TLP,2014,45,107,13,25
1976,"Suicide For The Ping Confined",EP,1983,5,18,2,3
1977,"Beast A Castle The Dark World The",DLP,2001,32,96,9,32
1978,"Body",EP,1998,5,71,23,19
1979,"To Great Cocaine The",EP,2013,5,8,9,5
1980,"Robot In Busy Cake",EP,2002,4,64,7,17
1981,"Tasty Funeral And Fast Lion Near Condemned",EP,1983,6,83,2,2
1982,"Venom",TLP,2002,39,11,13,32
1983,"Ride In The Bear Yellow Rope Around",DLP,1976,24,5,6,15
1984,"Safe Shirt",SP,1971,1,30,25,3
1985,"Hair",EP,2011,5,111,21,21
1986,"Broken Ear",TLP,2001,37,1,18,30
1987,"Tall Hippster Around A White",EP,2007,3,76,13,19
1988,"To Quad Heavy Angel Far From A",DLP,2012,29,71,22,30
1989,"Vote And Poor Demon To See A",LP,2010,13,9,25,11
1990,"Roof",LP,2010,9,72,3,24
1991,"Little Devil To The",EP,1992,2,20,6,22
1992,"Nasty Gun The Ping The The",LP,1998,12,73,20,24
1993,"A Wild Latte To Rude Cake",SP,1974,1,56,6,30
1994,"Ping Under Green Cane In Red Heaven",EP,1997,6,35,1,18
1995,"Saint Exhausted",DLP,1998,26,45,25,6
1996,"Human In Green",TLP,1988,44,57,24,15
1997,"A Need The Lamp A Sunny",DLP,1984,24,11,7,33
1998,"The Call A",SP,1980,1,3,13,9
1999,"Spice",DLP,2008,27,77,10,21
2000,"The Fight The Condemned",EP,1994,6,48,20,32
